SKU,Name,Description,Price,Item Type
AMB BC19,"19"" HAIR NETS",CASE,$0.00 ,MSC
AMB BC24,"24"" HAIR NET",CASE,$44.00 ,MSC
AMB BRD,BEARD NETS,CASE,$38.00 ,MISC
AMB L5201,P/F LATEX GLOVE (SMALL/MED/LARGE/XLARGE),DISP,$7.60 ,MSC
AMB NLG5201,NITRILE P/F GLOVE (SMALL/MED/LARGE/XLARGE),DISP,$8.30 ,MSC
AMB NMD200,P/F NITRILE EXAM (SMALL/MED/LARGE/XLARGE),DISP,$0.00 ,MSC
AMB PSC3XL,POLY SHOE COVER (3/100CS),CASE,$35.00 ,MISC
AMB VLG5201,P/F VINYL GLOVE (SMALL/MED/LARGE/XLARGE),DISP,$0.00 ,MSC
ATH 101G,COIL CLEANER (4/GALLONS PER CASE),GALLON,$22.00 ,CHM
ATH 145-5,ELIMINATOR HERBICIDE,5/GL PAIL,$135.00 ,CHM
ATH 316,WEED EASY GRANULAR,50# PAIL,$256.20 ,CHM
ATH 318-5,BANISH HERBICIDE (5 GL),5/GL PAIL,$135.00 ,CHM
ATH 320,BARREN HERBICIDE (5/GALLON PAIL OR 55/GAL DRUM),5/GL PAIL,$116.50 ,CHM
ATH 322-5,TURF KING 10-1,5/GL PAIL,$161.50 ,CHM
ATH 8401,BUZZ SAW WASP & HORNET SPRAY (12/CANS PER CASE),CAN ,$7.58 ,CHM
ATH 8405,FIK (FLYING INSECT KILLER) (12/CANS PER CASE),CAN,$6.87 ,CHM
ATH 8407,CIK (CRAWLING INSECT KILLER) (12/CANS PER CASE),CAN,$7.67 ,CHM
BIG 15000,GRANULAR DEOD - LEMON (12-1#),CASE,$50.60 ,CHM
BIG 15100,GRANULAR DEOD - LEMON (100#),DRUM,$180.50 ,CHM
BIG 16600,D'VOUR ABSORB PWDR 1# (LEMON),1# CAN,$12.80 ,CHM
BIG 18000,P.O.D. PASSIVE ODOR DISP (6/CS,CASE,$33.00 ,CHM
BIG 18100,P.O.D. REFILL (MELON MIST)/24,CASE,$57.50 ,CHM
BIG 18800,P.O.D. REFILL (MOUNTAIN AIR),CASE,$55.00 ,CHM
BIG 20200,FIRE D ONE SHOT (AEROSOL),CAN,$7.00 ,CHM
BIG 24100,CARPET FRESHENER,CAN,$5.70 ,CHM
BIG 33700,PHENO D DISINFECTANT FOGGER,CAN,$5.79 ,CHM
BIG 34100,ODOR CONTROL FOGGER,CAN,$5.60 ,CHM
BIG 47000,METERED INSECTICIDE (12 OZ),DOZN,$142.70 ,CHM
BIG 62131,PEARL URINAL SCREEN (MELON/10),BOX,$30.00 ,CHM
BIG 638,D-CLIP RIM HANGER (APPLE/CINN),BOX,$0.00 ,CHM
BIG 63800,RIM HANGER (APPLE),CASE,$28.40 ,CHM
BIG 64600,BIG D BLUE TOILET BOWL CLEANER,DOZN,$31.20 ,CHM
BIG 90000,URINAL BLOCKS 4 OZ. (CHERRY),DOZN,$14.25 ,CHM
BIG 95031,URINAL SCREENS W/BLOCK,DOZN,$41.40 ,CHM
BIG 96000,TOILET RIM CAGES W/BLOCK,DOZN,$19.00 ,CHM
BIG 97000,16 OZ WALL BLOCK (CHERRY) 6/CS,CASE,$38.00 ,CHM
BIG 98000,24 OZ WALL BLOCK (CHERRY) 6/CS,CASE,$52.70 ,CHM
BIG 99000,20# PARA BLOCK (CHERRY),EACH,$79.50 ,CHM
CAR 36102218,"18"" PUSH BROOM MEDIUM",EACH,$41.00 ,MSC
CAR 36102224,"24"" PUSH BROOM MEDIUM",EACH,$50.00 ,MSC
CAR 36102236,"36"" PUSH BROOM MEDIUM",EACH,$73.00 ,MSC
CAR 36107618,"18"" PUSH BROOM COARSE",EACH,$30.05 ,MSC
CAR 36107624,"24"" PUSH BROOM COARSE",EACH,$46.00 ,MSC
CAR 361297-75,"10"" TRUCKWASH BRUSH (GREEN)",EACH,$42.70 ,MSC
CAR 3620014500,"54"" WOOD THREAD HANDLE 15/16""D",EACH,$4.95 ,MSC
CAR 3620055,"60"" WD ALUM/THRD HNDLE 1 1/8""D",EACH,$12.10 ,MSC
CAR 36211-24,"8"" COUNTER BRUSH (ORNG/GRAY)",EACH,$9.90 ,MSC
CAR 36219663,"8"" SWIVEL SCRUB W/HANDLE (MED)",EACH,$22.70 ,MSC
CAR 3621997,"10"" DUAL TRUCK BRUSH (WH)",EACH,$23.10 ,MSC
CAR 36239,"3 1/2"" HAND/NAIL BRUSH",EACH,$2.10 ,MSC
CAR 36289,"6"" HAND SCRUB BRUSH/IRON STYLE",EACH,$4.50 ,MSC
CAR 3633314,16X16 SUEDE MICROFIBER CLOTHS,DOZN,$28.32 ,MISC
CAR 363401-00,WIDE WALL DUSTERS (10/CASE),CASE,$215.10 ,MSC
CAR 363404-14,ROUND DUSTER (BLUE),EACH,$3.75 ,MSC
CAR 36505-14,"8"" UTILITY SCRUB BRUSH (BLUE)",EACH,$6.80 ,MSC
CAR 36505L-14,LONG HANDLE UTILITY BRUSH,EACH,$10.90 ,MSC
CAR 365310-27,"8"" AGGRESSIVE SWIVEL SCRUB",EACH,$59.60 ,MSC
CAR 365320-03,"7½"" PIVOTING GROUT BRUSH",EACH,$22.80 ,MSC
CAR 365351-03,"8 ½"" GROUT BRUSH/BLACK BRSLL",EACH,$2.20 ,MSC
CAR 365450,"34""-59"" EXTENDED HANDLE",EACH,$4.00 ,MSC
CAR 3661238,CLUTCH PLATE (NO CHARGE),EACH,$0.00 ,XXX
CAR 366330,"30"" H.D. FLOOR SQUEEGEE (BLCK)",EACH,$27.10 ,MSC
CAR 366724,"22"" H.D. FLOOR SQUEEGEE(BLACK)",EACH,$18.50 ,MSC
CAR 3674P,LUGS,EACH,$0.00 ,XXX
CAR 36753,STNLSS STL SCRUBS 50GM 72/CS,CASE,$160.80 ,MSC
CAR 36863-14,"12""DUO-SWEEP ANGLE BROOM(BLUE)",EACH,$16.00 ,MSC
CAR 36865,"13"" ANGLE BROOM (YELLOW)",EACH,$18.00 ,MSC
CLA CL006,LICE & BED BUG KILLER SPRAY,CAN,$10.58 ,CHM
CLA CL015,DISINFECTANT SPRAY (LEMON),CAN,$7.40 ,CHM
CLA CL018,DISINFECTANT SPRAY (C. FRESH),CAN,$7.40 ,CHM
CLA CL064,SOLVENT CLEANER/DEGREASER,CAN,$9.85 ,CHM
CLA CL077,SILICONE SPRAY,CAN,$6.42 ,CHM
CLA CL102,METER AIR FRESH (GARDEN SAGE),CAN,$5.33 ,CHM
CLA CL104,METER AIR FRESH (DUTCH APPLE),DOZN,$64.00 ,CHM
CLA CL105,METER AIR FRESH (TROP BREEZE),DOZN,$64.00 ,CHM
CLA CL108,METER AIR FRESH (VANILLA),CAN,$5.33 ,CHM
CLA CL109,METER AIR FRESH (CUCUMBER/MELO,DOZN,$64.00 ,CHM
CLA CL110,METER AIR FRESH (FRESH LINEN),DOZN,$64.00 ,CHM
CLA CL112,METER AIR FRESH(CITRUS SPLASH),DOZN,$64.00 ,CHM
CLA CL115,METER AIR FRESH (OCEANIC),DOZN,$73.60 ,CHM
CLA CL116,METER AIR FRESH (MANGO),DOZN,$62.00 ,CHM
CLA CL122,METER AIR FRESH (CINNAMON),CAN,$5.16 ,CHM
CLA CL141,METER AIR FRESH (BAKER DELGHT),DOZN,$75.60 ,CHM
CLA CL142,METER AIR FRESH (BEACHFRONT),CASE,$73.60 ,CHM
CLA CL144,METER AIR FRESH(RED DELICIOUS),CASE,$75.60 ,CHM
CLA CL146,METER AIR FRESH (WARM WELCOME),CAN,$6.13 ,CHM
CLA CL150,MINTED LIME,DOZN,$0.00 ,CHM
CLA CL151,METER AIR FRESH (ALTITUDE),DOZN,$0.00 ,CHM
CLA CL155,METER AIR FRESH (WATER LILY),CASE,$0.00 ,CHM
CLA CL160,AIR FRESHENER (POTPOURRI)10 OZ,CAN,$5.83 ,CHM
CLA CL161,AIR FRESHENER (GR APPLE) 10 OZ,CAN,$5.83 ,CHM
CLA CL162,AIR FRESHENER(CINNAMON) 10 OZ.,CAN,$5.83 ,CHM
CLA CL163,AIR FRESHENER (FR LINEN) 10 OZ,CAN,$5.83 ,CHM
CLA CL170,AIR FRESHENER (MEGA MANGO),DOZN,$0.00 ,CHM
CLA CL190,AIR FRESHENER (MALADOR NEUT),CAN,$6.71 ,CHM
CLA CL220,MICRO AIR FRESH (DUTCH APPLE),DOZN,$56.50 ,CHM
CLA CL221,MICRO AIR FRESH (FRESH LINEN),DOZN,$57.60 ,CHM
CLA CL222,MICRO AIR FRESH(CITRUS BLST),DOZN,$57.60 ,CHM
CLA CL7,METER AIR FRESH DISPENSER (WH),EACH,$27.50 ,CHM
CLA CL7MICRO,MICRO AIR FRESHNER DISPENSER,EACH,$29.50 ,CHM
CLA CL811,FURNITURE POLISH (AEROSOL),CAN,$6.70 ,CHM
CLA CL813,CHEWING GUM REMOVER 6.5OZ,CAN,$7.66 ,CHM
CLA CL841,STAIN. STEEL CLEANER & POLISH,CAN,$8.11 ,CHM
CLA CL859,BASEBOARD STRIPPER,CAN,$7.45 ,CHM
CLA CL868,CHALKBOARD CLEANER,CAN,$5.22 ,CHM
CLA CL875,DUST MOP TREATMENT (AEROSOL),CAN,$7.38 ,CHM
CLA CL961,PENI-LUBE OIL,CAN,$8.00 ,CHM
CLA CLAMCL,AMER CLASSIC METER AIR FRESH,CAN,$6.30 ,CHM
CLA CLCOMBO,VARIETY PACK AIR FRESHNER,CASE,$70.00 ,CHM
CLA CLROMA,ROMATHERAPY METER AIR FRESH,CAN,$6.30 ,CHM
CLA CP050,CID GLASS CLEANER (AEROSOL),CAN,$4.33 ,CHM
CLA CP873,CID FOAM GERMICIDAL (AEROSOL),CAN,$5.75 ,CHM
DEB 09102,HERITAGE HAND SOAP,GAL,$20.75 ,CHM
DEB 09107,HERITAGE HAND CLNR 4X2 LITER,CASE,$0.00 ,CHM
DEB HYV2LDB,BLK DISPENSER,EACH,$0.00 ,MSC
DIA 00162,DIAL ANTI/MICR FOAM SOAP 6/LTR,CASE,$80.50 ,CHM
DIA 00163,DIAL COMP A/M FOAM SOAP(800ML),CASE,$72.00 ,CHM
DIA 00401,PURE & NATL FOAM SOAP DISP/BLU,EACH,$9.68 ,CHM
DIA 00629,DIAL PURE & NATURAL SOAP/LITER,CASE,$55.30 ,CHM
DIA 00685,DIAL HAND SANITIZER-24/4 oz.,CASE,$52.00 ,CHM
DIA 01585,DIAL HAND SANITIZER 7.5 OZ/12,CASE,$46.00 ,CHM
DIA 01650,SOFT SCRUB GEL W/BLEACH,CASE,$33.02 ,CHM
DIA 02203,BXO PHS ORIG 10/5 LB,CASE,$0.00 ,CHM
DIA 02834,LUROSOOTHE HAND/BODY LOTION,CASE,$70.12 ,CHM
DIA 02936,DIAL COMPLETE FOAM (8 PUMP/CS),CASE,$36.00 ,CHM
DIA 03226,DIAL 800ML DISPENSER (WHITE),EACH,$5.00 ,CHM
DIA 03226F,DIAL 800ML DISP (WHITE),EACH,$0.00 ,CHM
DIA 03228,DIAL 800ML DISPENSER (BLACK),EACH,$5.00 ,CHM
DIA 03228F,DIAL 800ML DISP (BLACK),EACH,$0.00 ,CHM
DIA 03365,BULK FILL DISP FOR PWDR SOAPS,EACH,$59.36 ,CHM
DIA 03808,MODEL 90 DISPENSER,EACH,$22.40 ,XXX
DIA 03922,DIAL DISPENSER (LITER/SMOKE),EACH,$5.00 ,CHM
DIA 03922F,DIAL LITER DISP (SMOKE),EACH,$0.00 ,CHM
DIA 03924,DIAL SOAP DISP-LITER (BLUE),EACH,$6.96 ,CHM
DIA 03986,DIAL BODY & HAIR SHAMPOO SOAP,GAL,$15.63 ,CHM
DIA 04029,DIAL BODY & HAIR SHAMPOO/LITER,CASE,$60.50 ,CHM
DIA 05052,DIAL BASICS FOAM,CASE,$46.00 ,CHM
DIA 05067,DIAL COMPLETE FOAM A/B,CASE,$0.00 ,CHM
DIA 06042,BASICS HYPO SOAP (7.5OZ PUMP),CASE,$33.88 ,CHM
DIA 06044,DIAL BASICS (PUMP 12/16 OZ),CASE,$47.00 ,CHM
DIA 06046,DIAL BASICS HAND SOAP/LTR 8/CS,CASE,$59.00 ,CHM
DIA 06047,DIAL BASICS LIQUID HAND SOAP,GAL,$15.38 ,CHM
DIA 06055,DIAL FOAM SOAP DISP (SMOKE),EACH,$7.00 ,CHM
DIA 06055F,DIAL FOAM SOAP DISP (SMOKE),EACH,$0.00 ,CHM
DIA 06056,DIAL FOAM SOAP DISP (BLUE),EACH,$7.00 ,CHM
DIA 06056F,DIAL FOAM SOAP DISP (BLUE),EACH,$0.00 ,CHM
DIA 06060,DIAL BASICS HAND FOAM SOAP/LTR,CASE,$73.60 ,CHM
DIA 1503296,T/F FOAM DISPENSER (SMOKE),EACH,$0.00 ,CHM
DIA 1503298,PEARL TOUCH FREE DISP.,EACH,$0.00 ,MSC
DIA 1503328,DIAL COMPLETE A/B FOAM (1.25L),CASE,$59.00 ,CHM
DIA 1590116,FOAM SOAP DISPENSER,EACH,$0.00 ,CHM
DIA 1590122,FOAM DISP. (PEARL),EACH,$0.00 ,MSC
DIA 2203,BORAXO POWDER (10/CS),CASE,$83.00 ,CHM
DIA 80784,LIQUID DIAL-SENS SKN-16OZ PUMP,CASE,$60.20 ,CHM
DIA 80846,DIAL SWEETHEART PINK SOAP,GAL,$12.75 ,CHM
DIA 81075,DIAL HEALTHCRE FOAM PUMP 7.5oz,CASE,$48.10 ,CHM
DIA 82838,LIQUID DIAL A/M SOAP-SENS SKIN,GAL,$17.63 ,CHM
DIA 82839,DIAL LIQUID A/M SENS SKIN 8LTR,CASE,$76.50 ,CHM
DIA 84014,LIQUID GOLD A/MICRO-7.5 OZ.,CASE,$38.60 ,CHM
DIA 84029,DIAL LIQUID A/M W/MOIST(LITER),CASE,$73.00 ,CHM
DIA 88047,LIQUID GOLD ANTIMICROBIAL SOAP,GAL,$17.13 ,CHM
DIA 90504,FLEX800 BODY & HAIR SHAMPOO,CASE,$72.00 ,CHM
DIA 95862,DIAL HAND SANITIZER - 800ML,CASE,$97.50 ,CHM
DIA 96507,FLEX800 ANTIBACTERIAL SOAP,CASE,$71.00 ,CHM
DIA 98976,DIAL COMPLETE REFILLS (6/CS),CASE,$57.50 ,CHM
DIA 99135,TOUCHFREE A/M FOAM SOAP (3),CASE,$88.50 ,CHM
DIA 99150,DIAL BASICS FOAM 1.25MIL,CASE,$0.00 ,CHM
DIA 99153,TOUCHFREE FOAM SANITIZER (3),CASE,$88.50 ,CHM
DIA 99506,FLEX800 DIAL PINK LOTION SOAP,CASE,$60.00 ,CHM
DIA 99506NS,800ML DIAL PINK HAND SOAP,EACH,$3.78 ,XXX
DY 07720,LEMON FURNITURE POLISH,QTS,$4.70 ,CHM
DY 07820,JEL VANDAL REMOVER 12/CS,CAN,$7.38 ,CHM
DY 10620,ELIMINATOR CARPET SPOTTER,CAN,$6.36 ,CHM
DY 12093,ERASE-IT-ALL BRACKET,EACH,$5.75 ,CHM
DY 19220,ALL PURPOSE FOAM CLEANER,DOZN,$0.00 ,CHM
DY 20124,SOFT TOUCH HAND CLNR (TUBES),TUBE,$7.25 ,CHM
DY 20145,SOFT TOUCH HAND CLEANER - 4.5#,BCKT,$16.17 ,CHM
DY 23920,PROBLEM SOLVER (12/CS),CAN,$8.08 ,CHM
DY 24224,ROUGH TOUCH HAND CLNR (TUBES),TUBE,$7.25 ,CHM
DY 24245,ROUGH TOUCH HAND CLNR - 4.5#,BCKT,$16.50 ,CHM
DY 26832,INSIDE & OUT 12/CS,QTS,$9.83 ,CHM
DY 27601,DISPENSER (SOFT/ROUGH TOUCH),EACH,$20.00 ,CHM
DY 33432,LIQUID ALIVE ENZYME DIGESTOR,QTS,$5.70 ,CHM
DY 33632,LIQUID ALIVE ODOR DIGEST 12/CS,QTS,$5.92 ,CHM
DY 33732,ASIDUFOAM BATH CLEANER 12CS,QTS,$7.35 ,CHM
DY 33845,ORANGE ROUGH TOUCH 6/CS,BCKT,$17.00 ,CHM
DY 33845NS,ORANGE ROUGH TOUCH,BCKT,$20.24 ,XXX
DY 34720,MEDAPHENE PLUS (AEROSOL),CAN,$6.23 ,CHM
DY 38501,CLEAR REFLECTIONS (GL),GAL,$14.32 ,CHM
DY 38532,CLEAR REFLECTIONS (12/CS),QTS,$5.45 ,CHM
DY 38732,JELLED OVEN CLEANER,QTS,$7.05 ,CHM
DY 42230,SCRUBS HAND CLEANER 30/BCKT,BCKT,$7.06 ,CHM
DY 42272,ROUGH TOUCH SCRUBS,BCKT,$15.83 ,CHM
DY 42601,MED PLUS CNTRY GARDEN (GAL),GAL,$26.00 ,CHM
DY 42620,MED PLUS CNTRY GARDEN(AEROSOL),CAN,$7.63 ,CHM
DY 42632,MED PLUS CNTRY GARDEN (QTS),QTS,$8.23 ,CHM
DY 45120,THE END/DRY FOG 12CS,CAN,$9.04 ,CHM
DY 70220,DRY BREEZE (SUGAR & SPICE),CAN,$6.98 ,CHM
DY 70320,DRY BREEZE (CINNAMON),CAN,$6.98 ,CHM
DY 70720,DRY BREEZE (VANILLA),CAN,$6.15 ,CHM
DY 72220,DRY BREEZE (CLEAN LINEN),CAN,$6.98 ,CHM
DY 90130,GRAFFITTI & PAINT REMVR SCRUBS,BCKT,$13.50 ,CHM
DY 90218,SCRUBS - METAL POLISH 12/18CT,CASE,$107.00 ,CHM
DY 90365,MEDAPHENE SCRUBS (6/CS),BCKT,$11.58 ,CHM
DY 90630,NATURAL FORCE SCRUBS,BCKT,$11.67 ,CHM
DY 90891,ERASE-IT-ALL WIPES,BCKT,$9.42 ,CHM
DY 90985,A/M HAND SANI SCRUBS 6/CS,BCKT,$11.48 ,CHM
DY 91401,INSECT WIPES,CASE,$64.00 ,CHM
DY 91630,ELIMINATOR TOWELETTES (6/CS),CASE,$64.60 ,CHM
DY 91730,ASIDUFOAM WIPES,EACH,$10.46 ,XXX
DY 91930,STNLS STEEL CLEANER WIPES,BCKT,$12.88 ,CHM
DY 92560,LEATHER WIPES,CASE,$79.44 ,CHM
DY 98028,DO-IT-ALL WIPES,BCKT,$13.07 ,CHM
ENV 112-04B,SUPER CONCENTRATE 112,CASE,$198.00 ,CHM
ENV 112-04C,SUPER CONCENTRATE 112,CASE,$190.47 ,CHM
ENV 113-04B-GS,EVOLVEO2 CONC (GREEN SEAL),GAL,$32.41 ,CHM
ENV 114-04B-GS,FLOORS 2-GO,GAL,$26.38 ,CHM
ENV 117-04B,CONCENTRATE 117,GAL,$43.21 ,CHM
ENV 118-04B,CONCENTRATE 118,GAL,$43.21 ,CHM
ENV 138-12Q,MINERAL SHOCK RTU,QTS,$7.71 ,CHM
ENV 141-04B,MINERAL SHOCK CONCENTRATE,GAL,$51.80 ,CHM
ENV 143-04B,GREASINATOR CONCENTRATE,GAL,$16.70 ,CHM
ENV 146-12Q,GREASINATOR RTU,QTS,$6.63 ,CHM
ENV 4-252-113,EVOLVE02 BLEND DISPENSER,EACH,$130.00 ,CHM
ENV 4-252-117,117 DISPENSER,EACH,$0.00 ,MSC
ENV 4-252-118,118 DISPENSER,EACH,$100.00 ,CHM
ENV 7-647,FOAMING SPRAY HEAD (WH),EACH,$0.58 ,CHM
ENV 7-676,FLIP CAPS,EACH,$0.28 ,CHM
ENV 8-272,QUART BOTTLE W/MEASURING,EACH,$7.17 ,CHM
ENV 8-552,117 HD BOTTLE,EACH,$0.00 ,CHM
ENV 8-554-118H,118 RED H.D. BOTTLE W/SPRAYER,EACH,$3.25 ,CHM
ENV 8-554-118L,118 GREEN L.D. BOTTLE W/SPRAYR,EACH,$3.25 ,CHM
ENV 8-554-EO2H-GS,EVOLVEO2 ORNG H.D. BTTLE W/SPR,EACH,$3.25 ,CHM
ENV 8-554-EO2L-GS,EVOLVEO2 BLUE L.D. BTTLE W/SPR,EACH,$3.25 ,CHM
ENV 8-554-GR,GREASINATOR BOTTLE W/SPRAYER,EACH,$3.25 ,CHM
ENV 8-554-MS,MINERAL SHOCK BOTTLE W/SPRAYER,EACH,$3.25 ,CHM
ERC CFWN,WH TERRY CLOTH WIPER,10#,$32.00 ,PAP
ERC W1619IMP,"15""X17"" TERRY CLEANING CLOTHES",10#,$45.00 ,PAP
ERC W2244IMP,TOWELS,DOZN,$31.50 ,PAP
ETC 00000,#0 BLACK REPLACEMENT PADS,BOX,$7.00 ,MSC
ETC 00001,#1 BROWN REPLACEMENT PADS,BOX,$7.00 ,MSC
ETC 00003,#3 WHITE REPLACEMENT PADS,BOX,$7.00 ,MSC
ETC 00063,#63 CLEANSING SPONGE/YW-WH,BOX,$7.10 ,MSC
ETC 00064,#64 SCRUB AID KIT W/TWO PADS,KIT,$20.25 ,MSC
ETC 00074,#74 SCOURING SPONGE W/GRN PAD,BOX,$7.25 ,MSC
ETC 00086,#86 DARK GREEN H/D SCOUR PAD,BOX,$6.50 ,MSC
ETC 00088,#88 POT & PAN PAD,BOX,$0.00 ,MSC
ETC 00096,#96 GREEN HAND PAD,BOX,$6.50 ,MSC
ETC 06160,"16"" GORILLA BUFF PAD",PAD,$6.00 ,MSC
ETC 06180,"18"" GORILLA BUFF PAD",PAD,$7.35 ,MSC
ETC 06200,"20"" GORILLA BUFF PAD",PAD,$8.65 ,MSC
ETC 06270,"27"" GORILLA BUFF PADS",PAD,$15.00 ,MSC
ETC 10120,"12"" BLACK STRIP PAD",PAD,$3.19 ,MSC
ETC 10130,"13"" BLACK STRIP PAD",PAD,$3.71 ,MSC
ETC 10140,"14"" BLACK STRIP PAD",PAD,$4.77 ,MSC
ETC 10160,"16"" BLACK STRIP PAD",PAD,$6.00 ,MSC
ETC 10170,"17"" BLACK STRIP PAD",PAD,$6.80 ,MSC
ETC 10180,"18"" BLACK STRIP PAD",PAD,$7.35 ,MSC
ETC 10200,"20"" BLACK STRIP PAD",PAD,$8.65 ,MSC
ETC 11200,"20"" JAGUAR BUFF PAD",PAD,$8.65 ,MSC
ETC 12170,"17""GORILLA LITE BUFF PAD",PAD,$6.80 ,MSC
ETC 12200,"20"" GORILLA LITE BUFF PAD",PAD,$8.65 ,MSC
ETC 12270,"27"" GORILLA LITE BUFF PAD",PAD,$15.00 ,MSC
ETC 13200,"20"" AQUA BURNISH PADS",PAD,$8.65 ,MSC
ETC 13270,"27"" AQUA BURNISH PADS",PAD,$15.00 ,MSC
ETC 14170,"17"" RAZORBACK STRIP PADS",PAD,$8.08 ,MSC
ETC 14180,"18""RAZORBACK STRIP PADS",PAD,$9.55 ,MSC
ETC 14200,"20"" RAZORBACK STRIP PADS",PAD,$11.08 ,MSC
ETC 18170,"17"" RUBBERIZED BUFF PAD",PAD,$6.20 ,MSC
ETC 18200,"20"" RUBBERIZED FLOOR PADS",PAD,$8.65 ,MSC
ETC 20120,"12"" GREEN SCRUB PAD",PAD,$2.84 ,MSC
ETC 20130,"13"" GREEN SCRUB PAD",PAD,$3.71 ,MSC
ETC 20140,"14"" GREEN SCRUB PAD",PAD,$4.77 ,MSC
ETC 20160,"16"" GREEN SCRUB PAD",PAD,$6.00 ,MSC
ETC 20170,"17"" GREEN SCRUB PAD",PAD,$6.80 ,MSC
ETC 20180,"18"" GREEN SCRUB PAD",PAD,$7.35 ,MSC
ETC 20190,"19"" GREEN SCRUB PAD",PAD,$8.08 ,MSC
ETC 20200,"20"" GREEN SCRUB PAD",PAD,$8.65 ,MSC
ETC 29851420,14X20 RUFF PADS,BOX,$0.00 ,MSC
ETC 298517,"17"" RUFF SCRUB PADS",PAD,$17.98 ,MSC
ETC 298520,"20"" RUFF SCRUB PADS",PAD,$22.00 ,MSC
ETC 30200,"20"" TAN BUFF PAD",PAD,$8.65 ,MSC
ETC 50200,"20"" BROWN STRIP PADS",PAD,$8.65 ,MSC
ETC 60130,"13"" BLUE SCRUB PADS",PAD,$3.71 ,MSC
ETC 60140,"14"" BLUE SCRUB PADS",PAD,$4.77 ,MSC
ETC 60200,"20"" BLUE SCRUB PADS",PAD,$8.65 ,MSC
ETC 70110,"11"" RED PAD",PAD,$3.19 ,MISC
ETC 70120,"12"" RED SPRAY BUFF PAD",PAD,$3.19 ,MSC
ETC 7012020,"12"" PREMIUM RED 20/CS",BOX,$0.00 ,MSC
ETC 70130,"13"" RED SPRAY BUFF PADS",PAD,$3.71 ,MSC
ETC 70140,"14"" RED SPRAY BUFF PADS",PAD,$4.77 ,MSC
ETC 701420,"20""X14"" RED PADS",BOX,$39.00 ,MISC
ETC 70160,"16"" RED SPRAY BUFF PADS",PAD,$6.00 ,MSC
ETC 70170,"17"" RED SPRAY BUFF PADS",PAD,$6.80 ,MSC
ETC 70180,"18"" RED SPRAY BUFF PADS",PAD,$7.35 ,MSC
ETC 70200,"20"" RED SPRAY BUFF PADS",PAD,$8.65 ,MSC
ETC 80110,"11"" WHITE POLISH PAD",CASE,$0.00 ,MSC
ETC 80120,"12"" WHITE POLISH PAD",PAD,$3.19 ,MSC
ETC 8012020,"12"" PREMIUM WHITE 20/CS",EACH,$0.00 ,MSC
ETC 80130,"13"" WHITE POLISH PAD",PAD,$3.71 ,MSC
ETC 80140,"14"" WHITE POLISH PADS",EACH,$4.77 ,MSC
ETC 801420,"14""X20"" WHITE PAD",BOX,$44.20 ,MSC
ETC 80160,"16"" WHITE POLISH PAD",PAD,$6.00 ,MSC
ETC 80170,"17"" WHITE POLISH PAD",PAD,$6.80 ,MSC
ETC 80180,"18"" WHITE POLISH PAD",PAD,$7.35 ,MSC
ETC 80200,"20"" WHITE POLISH PAD",PAD,$8.65 ,MSC
ETC 80270,"27"" WHITE POLISH PADS",EACH,$15.00 ,MSC
ETC 86200,"20"" THE CURE PADS",PAD,$8.65 ,MSC
ETC 86270,"27"" THE CURE PADS",PAD,$15.00 ,MSC
ETC 9301,GATOR SHOES - SMALL (6 1/2-8),PAIR,$42.54 ,MSC
ETC 9302,GATOR SHOES - MED (8-9 1/2),PAIR,$42.54 ,MSC
ETC 9303,GATOR SHOES - LARGE (9 1/2-11),PAIR,$42.54 ,MSC
ETC 9304,GATOR SHOES - X-LARGE (11-13),PAIR,$42.54 ,MSC
ETC 9305,GATOR SHOES (GIANT 13-15),PAIR,$42.54 ,MSC
ETC 9307,MEDIUM G-BACKS (8 - 9 1/2),CASE,$39.70 ,MSC
ETC 9308,LARGE G-BACKS (9 1/2-11),CASE,$39.70 ,MSC
ETC 94120,"12"" REDWOOD STRIP PADS (10/BX)",PAD,$4.21 ,MSC
ETC 94130,"13"" REDWOOD STRIP PADS (10/BX)",PAD,$4.32 ,MSC
ETC 941420,14X20 REDWOOD STRIP PADS (10),PAD,$12.05 ,MSC
ETC 941428,14X28 REDWOOD STRIP PADS (10),BOX,$145.00 ,MSC
ETC 94160,"16"" REDWOOD STRIP PADS (10/BX)",PAD,$3.93 ,MSC
ETC 94170,"17"" REDWOOD STRIP PADS (10/BX)",PAD,$7.15 ,MSC
ETC 94200,"20"" REDWOOD STRIP PADS (10/BX)",PAD,$8.95 ,MSC
ETC 951420,"14""X20"" REDWOOD PADS",EACH,$0.00 ,MISC
ETC 952010,"20"" 100 GRIT SAND SCREENS",PAD,$9.20 ,MSC
ETC 952012,"20"" 120 GRIT SAND SCREENS",PAD,$7.59 ,MSC
ETC 952015,"20"" 150 GRIT SAND SCREENS",PAD,$7.23 ,MSC
ETC 952018,"20"" 180 GRIT SANDSCREEN",PAD,$0.00 ,MSC
ETC 952022,"20"" 220 GRIT SANDSCREEN",PAD,$0.00 ,MSC
ETC 952060,"20"" 60 GRIT SAND SCREENS",PAD,$12.57 ,MSC
ETC 952080,"20"" 80 GRIT SAND SCREENS",PAD,$10.40 ,MSC
ETC D07208000,"20"" DIAMOND ORANGE 8000 (2/BX)",PAD,$84.13 ,MSC
ETC D20203000,"20"" DIAMOND GREEN 3000 (2/BX)",PAD,$84.13 ,MSC
ETC D20273000,"27"" DIAMOND 3000 PAD",EACH,$104.03 ,MSC
ETC D40201500,"20"" DIAMOND YELLOW 1500 (2/BX)",PAD,$84.13 ,MSC
ETC D6020200,"20"" DIAMOND BLUE 200 PAD(2/BX)",BOX,$177.39 ,MSC
ETC D7020400,"20"" DIAMOND RED 400 PAD (2/BX)",PAD,$96.00 ,MSC
ETC D8020800,"20"" DIAMOND WHITE 800 (2/BX)",PAD,$84.13 ,MSC
FR OMNI-CH,GEL DEODORANT (CHERRY),DOZN,$39.50 ,CHM
FR OMNI-ST,GEL DEODORANT (SPRING TIME),DOZN,$39.50 ,CHM
GEE 4025,"54"" BLUE VINYL MOP HANDLE",EACH,$30.30 ,MOP
GEE 4065,"60"" BLUE VINYL MOP HANDLE",EACH,$30.60 ,MOP
GEE 4326,YOKE REPLACEMENT,EACH,$15.30 ,MOP
GEE 4560,CHEMICAL BAGS (6/PKG),PKG,$0.00 ,MSC
GEE 4650,CAT REFILL BAGS,PKG,$40.50 ,MSC
GEE4326,"60"" BLUE VINYL MOP HANDLE",EACH,$30.55 ,MOP
GOJ 0988-02,POWER GOLD LITE,CASE,$50.50 ,CHM
GOJ 1109-12,GOJO ORIGINAL 12/18 OZ.,CASE,$81.64 ,CHM
GOJ 1135-06,FINE ITALIAN PUMICE HAND CLNR,CASE,$141.76 ,CHM
GOJ 1812-04,COCONUT SKIN CLEANSER,CASE,$0.00 ,CHM
GOJ 1895-04,E-2 HAND SANITIZING SOAP 4X1GL,CASE,$98.00 ,CHM
GOJ 1912-02,LTX-12 A/B PLUM FOAM (1200ML),CASE,$61.70 ,CHM
GOJ 1980-04,LTX-12 T/F DISPENSER,EACH,$0.00 ,CHM
GOJ 2117-08,DELUXE LOTION SOAP W/MOIST-LTR,CASE,$82.64 ,CHM
GOJ 2120-06,PURELL NXT PURELL DISP 1000ML,EACH,$22.00 ,CHM
GOJ 2120-06NS,PURELL NXT HAND SANITIZER DISP,EACH,$0.00 ,XXX
GOJ 2137-08,PURELL HAND SANITIZER W/ALOE,CASE,$96.02 ,CHM
GOJ 2156-08,NXT PURELL HAND SANI 1000ML,CASE,$121.92 ,CHM
GOJ 2212-04,ULTRA MILD A/M  SOAP (2000ML),CASE,$90.88 ,CHM
GOJ 2237-04,PURELL® INSTANT HAND SANITIZER,CASE,$83.75 ,CHM
GOJ 2358-02,CHERRY PUMICE HAND CLNR (2GL/C,CASE,$44.00 ,CHM
GOJ 2358-02NS,CHERRY HAND CLEANER,GAL,$0.00 ,XXX
GOJ 2424-DS,PURELL TFX FLOOR STAND,EACH,$10.00 ,CHM
GOJ 2425-DS,PURELL DISP FLOOR STAND (BLCK),EACH,$77.26 ,CHM
GOJ 2720-12,PURELL TFX TOUCH FREE DISP/,EACH,$15.00 ,CHM
GOJ 2740-12,TFX TOUCH FREE SOAP DISP(GRAY),EACH,$15.00 ,CHM
GOJ 2740-12NS,SOAP DISPENSER (BATT OPERATED),EACH,$0.00 ,XXX
GOJ 3659-12,PURELL ADV HAND SANI 12OZ PUMP,CASE,$102.08 ,CHM
GOJ 4236-04,PROVON MOIST HAND&LOTION SOAP,GAL,$29.06 ,CHM
GOJ 5120-06,GOJO DISPENSER,EACH,$0.00 ,MSC
GOJ 5150-06,FMX-12 FOAM SOAP DISP(DOVE GY),EACH,$12.28 ,CHM
GOJ 5161-03,GOJO PINK FOAM SOAP 1250ML,CASE,$69.00 ,CHM
GOJ 5162-03,FOAM A/BACT HAND SOAP 1250ML,CASE,$72.00 ,CHM
GOJ 5185-03,PROVON FOAM HAND SOAP 1250MIL,CASE,$64.26 ,CHM
GOJ 5186-03,PROVON SOAP,CASE,$64.77 ,CHM
GOJ 5192-02,FOAM HAND SANITZER,CASE,$0.00 ,MSC
GOJ 5192-03,GOJO 1200ML PURELL SANITIZER,CASE,$0.00 ,PAP
GOJ 5361-02,GOJO FOAM HAND SOAP 1200ML,CASE,$58.00 ,CHM
GOJ 5362-02,TFX FOAM A/B HAND SOAP -1200ML,CASE,$62.00 ,CHM
GOJ 5364-02,TFX E2 FOAM SOAP (1200ML),CASE,$90.00 ,CHM
GOJ 5392-02,PURELL INST HAND SANI FOAM TFX,CASE,$87.00 ,CHM
GOJ 5456-04,PURELL HAND SANITIZER 1200ML/4,CASE,$85.00 ,CHM
GOJ 6285-06,GOJO FAST WIPES (6/60CT),CASE,$76.12 ,CHM
GOJ 7200-01,DISPENSER 2000ML (BLACK),EACH,$21.00 ,CHM
GOJ 7220-04,GOJO PINK A/B SOAP (2000ML),CASE,$72.22 ,CHM
GOJ 7255-04,NATL. ORANGE SOAP 2000ML,CASE,$83.00 ,CHM
GOJ 7265-04,MULTI-GREEN HAND SOAP 2000ML,CASE,$112.32 ,CHM
GOJ 7272-04,SUPRO MAX SOAP 2000ML,CASE,$97.00 ,CHM
GOJ 7295-04,POWERGOLD HAND SOAP 2000ML,CASE,$96.00 ,CHM
GOJ 7500-01,DISPENSER 5000ML (BLACK),EACH,$24.00 ,CHM
GOJ 7556-02,NATL. ORANGE HAND SOAP 5000ML,CASE,$88.00 ,CHM
GOJ 7565-02,MULTI-GREEN HAND CLNR 5000ML,CASE,$45.00 ,CHM
GOJ 7572-02,SUPRO HAND SOAP 5000ML,CASE,$102.00 ,CHM
GOJ 7572-02NS,SUPRO HAND CLEANER 5000MIL,CASE,$58.34 ,XXX
GOJ 7595-02,POWER GOLD GREEN HAND CLNR,CASE,$98.34 ,XXX
GOJ 7596-02,POWERGOLD HAND SOAP 5000ML,CASE,$101.00 ,CHM
GOJ 8240-06,SKIN LOTION REFILL 800ML,CASE,$77.18 ,XXX
GOJ 8520-01,TOUCH FREE SOAP DISP (CHROME),EACH,$59.95 ,CHM
GOJ 8561-02,GOJO LUXURY FOAM HANDWASH,CASE,$53.09 ,CHM
GOJ 8562-02,ANTIBACTERIAL FOAM SOAP 1500ML,CASE,$54.20 ,CHM
GOJ 8705-04,ADX PURELL HAND SANI FOAM (700,CASE,$99.56 ,CHM
GOJ 8720-06,ADX PURELL ADX DISPENSER (WH),EACH,$9.36 ,CHM
GOJ 8745-04,HAND MEDIC (700ML) REFILLS,CASE,$0.00 ,CHM
GOJ 8745-D1,HAND MEDIC STARTER KIT,CASE,$0.00 ,CHM
GOJ 9142-12,DERMAPRO HAND CREME 800ML,CASE,$131.72 ,CHM
GOJ 9152-12,SPA BODY & HAIR SHAMPOO 800MIL,CASE,$89.58 ,CHM
GOJ 9155-04,SPA BODY/HAIR SHAMPOO/FLT TOP,GAL,$21.80 ,CHM
GOJ 9625-04,PURELL INST HAND SANI 4x2LITER,CASE,$121.00 ,CHM
GOJ 9639-12,PURELL HAND SANI 12 FL OZ PUMP,CASE,$71.76 ,CHM
HUD 90162,2 GALLON SUPER SPRAYER,EACH,$54.45 ,MSC
HUD 90163,3 GAL SPRAYER,EACH,$0.00 ,MISC
HUD 99598,ATOMIZER 2GL FOGGER,EACH,$200.00 ,MSC
HUD N/S,PUMPLESS SPRAYER (DAMAGED),EACH,$29.95 ,XXX
HYD 10061501,FOAMER LID,EACH,$47.09 ,MSC
HYD 10083713,FOAM GUN NOZZLE & QUICK CONNEC,EACH,$40.00 ,MSC
HYD 1070,AUTO DOSE PUMP,EACH,$225.00 ,XXX
HYD 1190,AUTO DOSE WALL MOUNT/AC POWER,EACH,$225.00 ,MSC
HYD 38331,1-BUTTON DISPENSER (4GPM),EACH,$73.20 ,MSC
HYD 38441,2-BUTTON DISPENSER (4 GPM),EACH,$262.68 ,MSC
HYD 38461,2-BUTTON DISPENSER,EACH,$0.00 ,MSC
HYD 38531,3 BUTTON DISPENSER,EACH,$0.00 ,CHM
HYD 481,HYDRO FOAM SPRAYER (96 OZ),EACH,$98.50 ,MSC
HYD 630,METAL FAUCET PROPORTIONER,EACH,$68.00 ,MSC
HYD 8950,ICS MOBILE CLEAN MACHINE(BATT),EACH,"$2,277.00 ",CHM
HYD 90163,3-GALLON SPRAYER,EACH,$49.50 ,MSC
IMP 100,BOWL CADDIE,EACH,$10.80 ,MSC
IMP 1100,SANITARY DISP UNIT-WH PLASTIC,EACH,$46.85 ,MSC
IMP 1101,SANI WAX BAGS - BRN (250CT),CASE,$42.30 ,MSC
IMP 1120,TOILET SEAT COVER DISPENSER,EACH,$15.75 ,MSC
IMP 1125,TOILET SEAT COVERS (250),PKG,$10.64 ,MSC
IMP 115,CLOTH BAG (BLUE),EACH,$95.20 ,MSC
IMP 1525NS,URINAL FLOOR MATS,CASE,$25.00 ,XXX
IMP 1801,MAID CADDIE (TAN),EACH,$17.75 ,MSC
IMP 200,TOILET BOWL MOP (BLUE),EACH,$1.90 ,MSC
IMP 220,TOILET BOWL BRUSH,EACH,$5.55 ,MSC
IMP 2200,DRUM PUMP 8 OZ. (BLUE),EACH,$24.36 ,MSC
IMP 2204,22 OZ. METAL 55 GAL DRUM PUMP,EACH,$42.00 ,MSC
IMP 222-30,"30"" STRAIGHT RUBBER SQUEEGEE",EACH,$36.98 ,MSC
IMP 2500,SINGLE T.P. DISPENSER (CHROME),EACH,$19.90 ,MSC
IMP 2501,DOUBLE T.P. DISPENSER (CHROME),EACH,$20.70 ,MSC
IMP 2504,TRIPLE T.P. DISPENSER SMOKE,EACH,$51.30 ,MSC
IMP 2600,LOBBY DUST PAN-PLASTIC (BLACK),EACH,$30.62 ,MSC
IMP 2601,LOBBY BROOM,EACH,$11.80 ,MSC
IMP 2612,LOBBY DUST PAN & BROOM COMBO,EACH,$39.30 ,MSC
IMP 300,GEL WALL CABINET,EACH,$9.20 ,CHM
IMP 3110,"23"" POLYWOOL DUSTER",EACH,$9.40 ,MSC
IMP 3120,"EXTEND POLYWOOL DUSTER 52""-84""",EACH,$22.40 ,MSC
IMP 313,MOTORIZED GEL DEO CABINET - WH,EACH,$36.95 ,CHM
IMP 3311,DELUXE SOAP DISPENSER (WHITE),EACH,$49.04 ,MSC
IMP 333,BOWL BRUSH AND CADDY (WH),EACH,$7.50 ,MSC
IMP 358P,CARTRIDGE (PARADISE) 6/CS,EACH,$9.75 ,CHM
IMP 3600,CONE BOWL MOP,EACH,$4.70 ,MSC
IMP 4032,SOAP DISPENSER,EACH,$53.60 ,MSC
IMP 4040,SOAP DISPENSER,EACH,$63.69 ,MSC
IMP 4040W,GLASS WINDOW FOR SOAP DISP.,EACH,$3.03 ,MSC
IMP 4066,HAND DRYER,EACH,$295.30 ,XXX
IMP 4200,"2"" LARGE DRUM SPIGOT",EACH,$36.90 ,MSC
IMP 4205,"3/4"" SMALL DRUM SPIGOT",EACH,$2.60 ,MSC
IMP 4212,"12"" METAL DUST PAN (BLACK)",EACH,$7.00 ,MSC
IMP 4216,"16"" METAL DUST PAN (BLACK)",EACH,$13.90 ,MSC
IMP 4603,"23"" FEATHER DUSTER",EACH,$20.00 ,MSC
IMP 4604,"34"" FEATHER DUSTER",EACH,$19.50 ,MSC
IMP 4630,"20"" FEATHER DUSTER",EACH,$19.90 ,MSC
IMP 4950,CHEMICAL RESIST TRIGGER SPRAYR,EACH,$2.80 ,MSC
IMP 5032AB,32 oz. QUART BOTTLE,EACH,$1.40 ,MSC
IMP 561124,24OZ MOP,EACH,$9.50 ,MOP
IMP 5681,CHEMICAL RESISTANT SPRAYER,EACH,$1.50 ,XXX
IMP 61200,LAY-FLAT SCREW TYPE CUT-END WE,EACH,$9.50 ,MOP
IMP 700,"12"" PLASTIC DUST PAN (BLACK)",EACH,$8.00 ,MSC
IMP 7004,4 POCKET GATOR CADDY,EACH,$40.18 ,XXX
IMP 7059,FOAMER TRIGGER SPRAYER,EACH,$3.00 ,MSC
IMP 7170P,SPONGE (6 X 4 X 1½) 6/PACK,PACK,$23.20 ,MSC
IMP 7210,PLASTIC PAIL LID OPENER(WHITE),EACH,$13.45 ,MSC
IMP 7310,EAR PLUGS,BOX,$32.91 ,MSC
IMP 7349,DOUBLE EYE/FACE WASH STATION,EACH,$67.40 ,MSC
IMP 73491,EYE WASH SOLUTION REFILL/16 OZ,EACH,$17.40 ,MSC
IMP 7350,1-QUART RED CONTAINER,EACH,$8.50 ,MISC
IMP 7351,CLEANUP KIT (BLOOD/PATHOGEN),EACH,$37.05 ,MSC
IMP 7351K,CLEAN-UP KIT REFILL,EACH,$16.00 ,MSC
IMP 7353,BLOODBORNE PATH KIT W/DISINF-6,KIT,$24.50 ,MSC
IMP 73532,DISPOSABLE SHOE COVERS (LG),CASE,$59.75 ,XXX
IMP 73532XL,DISPOSABLE SHOE COVERS (X-LG),CASE,$72.50 ,XXX
IMP 7355,DELUXE CLEAN UP KIT,EACH,$13.50 ,MISC
IMP 7361,NEOPRENE APRON (MED WT),EACH,$39.25 ,MSC
IMP 7362,LIGHT WEIGHT VINYL  APRON,EACH,$9.50 ,MSC
IMP 7384,DISPOSABLE CVRALLS W/COLLAR XL,CASE,$56.92 ,MSC
IMP 7387W18,"18"" HAIR NET (10BAG/CASE)",CASE,$80.00 ,MSC
IMP 7387W24,"24"" HAIR NET (10BAG/CASE)",CASE,$96.00 ,MSC
IMP 7388,BEARD NET (10 BAG/CASE),CASE,$72.80 ,MSC
IMP 7500,PUMP-UP SPRAYER (64 OZ),EACH,$35.42 ,MSC
IMP 7507,FOAM GUN W/BRASS FITTINGS,EACH,$105.20 ,MISC
IMP 7548,48 OZ. PUMP SPRAYER,EACH,$29.60 ,MSC
IMP 7576,5 GAL CONTAINER W/FAUCET,EACH,$28.75 ,MSC
IMP 7577,FAUCET/SPIGOT (5 GALLON),EACH,$3.04 ,MSC
IMP 7732-3,32GL GATOR CONTAINER (GRAY),EACH,$50.40 ,MSC
IMP 7756-3,55GL GATOR LID (GRAY),EACH,$45.22 ,MSC
IMP 800,GALLON WALL BRACKT(ROUND)-BLUE,EACH,$18.80 ,MSC
IMP 804,SQUARE WALL BRACKET (CHROME),EACH,$24.50 ,MSC
IMP 901,OUNCE PUMP FOR GALLON,EACH,$7.40 ,MSC
IMP 901A,5GL PAIL OUNCE PUMP,EACH,$8.10 ,MSC
IMP 9175i,"""CLOSED"" POLE",EACH,$32.80 ,MISC
IMP 9200,INDUSTRIAL PROF. PLUNGER,EACH,$14.40 ,MSC
IMP 9205,DELUXE PROF. PLUNGER,EACH,$24.10 ,MSC
IMP 9320NS,FOAM SOAP DISPENSERS,EACH,$0.00 ,XXX
IMP 9325B,REFILL BOTTLE,EACH,$6.30 ,MISC
IMP 9325F,INSERTS FOR SOAP DISPENSERS,EACH,$0.00 ,XXX
IMP 9326,FOAM'EEZE SOAP DISP (BLK/GRAY),EACH,$36.20 ,MSC
IMP 9328,SOAP DISPENSER,EACH,$44.50 ,MSC
IMP 9331,SOAP DISPENSER SEE-THRU (SM/GY,EACH,$24.60 ,MSC
IMP 9335,ENCORE FOAM SOAP DISPENSER,EACH,$0.00 ,MISC
IMP 9352,DELUXE SOAP DISPENSER,EACH,$36.90 ,MSC
IMP 9450C,RIM CAGES 12/CS (CHERRY),CASE,$41.80 ,CHM
JES 1000-0915,LINER RETAINER RUBBER BANDS,CASE,$27.15 ,MSC
JES 1000-1250,"SAV-A-FLOOR TABS 1¼"" 100/PK",BAGS,$34.25 ,MSC
KRY A03610,INVERTED PAINT WB (FLUOR SAFET,DOZN,$54.70 ,CHM
KRY A03612,INVERTED PAINT WB (FLUOR PINK),DOZN,$61.00 ,CHM
KRY A03621,INVERTED PAINT S/B (APWA BLUE),DOZN,$56.40 ,CHM
KRY A03630,INVERTED PAINT WB(FLUOR GREEN),DOZN,$60.55 ,CHM
KRY A03631,INVERTED PAINT SB (APWA GREEN),DZN,$65.00 ,CHM
KRY A03700,INVERTED PAINT WB (FLUOR ORNG),DOZN,$60.55 ,CHM
KRY A03801,INVERTD PAINT WB-APWA UTLY YLW,CAN,$5.08 ,CHM
KRY A03821,APWA YELLOW,DZN,$65.00 ,CHM
KRY A03900,UTILITY WHITE,DOZN,$52.00 ,CHM
KRY A03901,INVERTED PAINT WB-APWA BRIL WH,DOZN,$61.00 ,CHM
KRY A03903,INVERTED PAINT WB (APWA BLUE),DOZN,$61.00 ,CHM
KRY A03904,INVERTED PAINT WB (APWA GREEN),CASE,$61.00 ,CHM
KRY A03905,INVERTED PAINT WB (APWA ORNGE),DOZN,$61.00 ,CHM
KRY A03911,INVERTED PAINT WB (APWA BR RED,DOZN,$61.00 ,CHM
KRY K07096,PAINT WAND,EACH,$28.10 ,CHM
KRY K08300,PAVEMENT PAINT SB (HWY WHITE),DOZN,$82.00 ,CHM
KRY K08301,PAVEMENT PAINT SB (HWY YELLOW),DOZN,$82.00 ,CHM
KRY K08302,PAVEMENT PAINT SB (HNDCP BLUE),DOZN,$82.00 ,CHM
KRY K08303,PAVEMENT PAINT(FIRELANE RED),DOZN,$77.25 ,CHM
KRY K08305,ATHLETIC FIELD PAINT WB (WHITE,DOZN,$74.00 ,CHM
KRY K08306,ATHLETIC FIELD PAINT WB (YELLO,DOZN,$64.00 ,CHM
KRY K08307,ATHLETIC FIELD PAINT WB (ORNG),DOZN,$64.00 ,CHM
KRY K08308,ATHLETIC FLD PAINT WB(SCARLET),DOZN,$64.00 ,CHM
KRY K08310,ATHLETIC FIELD PAINT WB (BLCK),DOZN,$64.00 ,CHM
KRY K08340,PAVEMENT STRIPING MACHINE,EACH,$91.50 ,CHM
KRY K08350,ATHLETIC FIELD STRIPING MACHIN,EACH,$91.50 ,CHM
KRY K08360,KRYLON STRIPING WAND,EACH,$30.00 ,CHM
KRY S03621,INVERTED PAINT (SB) BLUE,DOZN,$52.50 ,CHM
KRY S03631,INVERTED PAINT (SB) GREEN,DOZN,$77.20 ,CHM
KRY S03821,INVERTED PAINT (SB) YELLOW,DOZN,$0.00 ,CHM
LAM 12WB,"12"" WOOD BLOCK",EACH,$7.05 ,MSC
LAM 166R,"16"" LAMBSWOOL APPL PAD",EACH,$9.65 ,MSC
LAM 16WB,"16"" WOOD BLOCK",EACH,$7.95 ,MSC
LAM 247RS,"24"" X 7"" SYNTHETIC APPL. PAD",EACH,$12.00 ,MSC
LAM 350EX,HI RISE LAMBSWOOL DUSTER,EACH,$8.65 ,MSC
LAM 360EXS,SUPER EXTENDED DUSTER,EACH,$10.55 ,MSC
MPC 104668,HICON 256,GAL,$32.08 ,CHM
MPC 105130,ANIMAL DISINFECTANT CLNR (GL),GAL,$21.50 ,CHM
MPC 105168,AQUATHANE CS (5/GL),PAIL,$140.00 ,CHM
MPC 106084,ELEMENTS SUPER DUTY DGRSR (GL),CASE,$78.90 ,CHM
MPC 106110,SYNTHETIC FLOOR PROTECTANT/5GL,PAIL,$161.50 ,CHM
MPC 106240,BIG SOLVENT DEGREASER,CASE,$155.00 ,CHM
MPC 106516,FRESH BREEZE N/A (2-2 1/2/GL),CASE,$50.80 ,CHM
MPC 107092,L/F #15 ENZIBRITE (2X1/2GL),CASE,$96.70 ,CHM
MPC 107402,ONCE & DONE,PAIL,$71.70 ,CHM
MPC 107882,PURE COTTON,DOZN,$66.90 ,CHM
MPC 107893,ELEMENTS MACINTOSH APPLE,CASE,$66.90 ,CHM
MPC 107905,MACINTOSH APPLE,DOZN,$66.90 ,CHM
MPC 107931,REBOUND BUFFING CREME,CASE,$0.00 ,CHM
MPC 108284,REVITE PLUS 10,DRUM,$510.00 ,CHM
MPC 109178,WALL DISPENSER,EACH,$42.90 ,MSC
MPC 109195,A2Z LAVENDER (2X2.5GL),CASE,$93.00 ,CHM
MPC 115159,INFINITY FOAM DISPENSER(BLACK),EACH,$0.00 ,CHM
MPC 115900,PROFLO STREAK FREE GLASS CLNR,CASE,$80.25 ,CHM
MPC 115901,PROFLO PURPLE REVITE,CASE,$69.00 ,CHM
MPC 115902,PROFLO HICON DISINFECTANT,CASE,$84.85 ,CHM
MPC 115903,PROFLO EMERALD FLOOR CLEANER,CASE,$0.00 ,CHM
MPC 115904,PROFLO FRESH BREEZE N/A,CASE,$77.10 ,CHM
MPC 115906,PROFLO OXYPLUS,CASE,$106.50 ,CHM
MPC 115907,PROFLO SUPER BLUE,CASE,$124.30 ,CHM
MPC 115908,PROFLO ENZIBRITE,CASE,$114.70 ,CHM
MPC 115909,PROFLO SANI-512,CASE,$44.25 ,CHM
MPC 115913,PROFLO E03 ORGANIC CLEANER,CASE,$84.15 ,CHM
MPC 115914,PROFLO NEUTRAL DISINFECTANT,CASE,$51.10 ,CHM
MPC 115915,PROFLO E07 ALL PURPOSE CLEANER,CASE,$68.80 ,CHM
MPC 115916,PROFLO E12 SUPER DUTY,CASE,$71.40 ,CHM
MPC 115920,PROFLO Q4 WALL MOUNT DISPENSER,EACH,$210.00 ,CHM
MPC 115921,PROFLO S1 PRODUCT WALL MOUNT D,EACH,$80.00 ,CHM
MPC 115922,PROFLO PORTABLE DISPENSER,EACH,$35.00 ,CHM
MPC 115923,PROFLO PREMIUM FLOATER KIT,EACH,$12.00 ,CHM
MPC 9948,INFINITY DISPENSER (BLACK),EACH,$0.00 ,CHM
MPC A2Z-12 105027,A2Z LEMON DISINFECTANT (QT),QTS,$6.98 ,CHM
MPC ACI-14 105059,ACIDULATE FOAM ACID CLNR (GL),GAL,$21.73 ,CHM
MPC AQH-05 105147,AQUATHANE HP FINISH (5GL),PAIL,$206.30 ,CHM
MPC AQT-14 105162,AQUATREAT MOP TREATMENT(2X2.5),GAL,$19.72 ,CHM
MPC BDN-14,BACK DOWN 7RINSE & NEUTRALIZER,GAL,$14.80 ,CHM
MPC BDN-25 105214,BACK DOWN 7 RINSE&NEUTRALIZER,2X2.5GL,$0.00 ,CHM
MPC BIJ-12 105227,BIG JOHN BOWL CLEANER (QT),QTS,$4.85 ,CHM
MPC BOB-12 105249,BOWL BRYTE CLEANER (QT),QTS,$3.34 ,CHM
MPC BRU-12,BRUTE HIGH ACID BOWL CLNR (QT),QTS,$3.91 ,CHM
MPC BRU-14,BRUTE HIGH ACID BOWL CLEANER,GAL,$13.80 ,CHM
MPC BRU-2.5,BRUTE (1X2X2.5GL),CASE,$40.00 ,XXX
MPC BUL-12 105310,BUL IT NON-ACID RSTRM CLNR(QT),QTS,$4.59 ,CHM
MPC BUY-12 105347,BULLY CREME CLEANER (QT),QTS,$4.51 ,CHM
MPC C22-05,CLASSIC 220 FINISH,PAIL,$83.15 ,CHM
MPC CHE-12,CHERRY ODORS AWAY AIR FRESHNER,QTS,$3.32 ,XXX
MPC CHE-14 105532,CHERRY ODORS AWAY AIRFRESH(GL),GAL,$13.53 ,CHM
MPC CHE-55,CHERRY ORORS AWAY,DRUM,$522.50 ,CHM
MPC CHL-25,BIG BREAK CL,CASE,$90.50 ,CHM
MPC CLE-05,CLEAN-UP WATERLESS CLEANER,PAIL,$152.30 ,CHM
MPC CLE-05NS,CLEAN-UP WATERLESS CLEANER,PAIL,$100.00 ,XXX
MPC CMR-12 105564,COUNTRY MORNING REFRESH (QT),QTS,$7.66 ,CHM
MPC CPC-25,CITROX CONCENTRATE (2X2.5GL),CASE,$135.00 ,CHM
MPC CRB-12QTC,CITROX BOTTLE & TRIGGER SPRAY,EACH,$2.75 ,XXX
MPC CRY-12 105658,CRYSTAL ALL PURPOSE CLEANER,QTS,$4.30 ,CHM
MPC CSC-DISP,CITROX SUPER CONC. DISPENSER,EACH,$0.00 ,CHM
MPC DAZ-12 105688,DAZZLE MULTI-SURFACE PLSH (QT),QTS,$6.81 ,CHM
MPC E03-14,ELEMENTS ORGANIC BATHROOM CLNR,CASE,$151.00 ,CHM
MPC E07-14,ELEMENTS ALL SURF CLNR (CONC),CASE,$65.10 ,CHM
MPC E08-05,ELEMENTS ZINC-FREE FLR FINISH,PAIL,$134.80 ,CHM
MPC E10-05,ELEMENTS E-10 LAUNDRY DETERGNT,PAIL,$80.35 ,CHM
MPC E12-04,SUPER DUTY DEGREASER (GALLON),CASE,$78.90 ,CHM
MPC E12-55,SUPER DUTY DEGREASER (55GL),DRUM,$759.00 ,CHM
MPC E13-05,SYNTHETIC FLOOR FINISH (5/GL),PAIL,$161.50 ,CHM
MPC E13-05PN,SNOW PLOW WAX (5 GL),PAIL,$154.40 ,CHM
MPC E13-14,SYNTHETIC FLOOR PROTECTANT(GL),CASE,$120.00 ,CHM
MPC E18-05,SCRUB & RECOAT CLNR (CONC) 5GL,PAIL,$83.00 ,CHM
MPC E19-14,ELEMENTS ENZYME FLOOR CLEANER,GAL,$19.44 ,CHM
MPC EBR-05 106251,ENZI-BRITE FLOOR CLNR (5GL),PAIL,$110.20 ,CHM
MPC EBR-14 106263,ENZI-BRITE FLOOR CLEANER (GL),GAL,$22.40 ,CHM
MPC EGJ,EMPTY GALLON JUG,EACH,$0.00 ,XXX
MPC EME-05 106286,EMERALD FLOOR CLEANER (5GL),PAIL,$54.00 ,CHM
MPC EME-14 106302,EMERALD FLOOR CLEANER (GL),GAL,$11.80 ,CHM
MPC END-05 106326,ENDZ-IT ENZYME DIGESTANT (5GL),PAIL,$87.20 ,CHM
MPC END-12 106332,ENDZ-IT ENZYME DIGESTANT(QT),QTS,$5.81 ,CHM
MPC END-14 106342,ENDZ-IT ENZYME DIGESTANT(GL),GAL,$18.88 ,CHM
MPC END-55 106353,ENDZ-IT ENZYME DIGESTANT/55GL,DRUM,$906.20 ,CHM
MPC F05-06,INFINITY 1000ML SANITIZER (ALC,CASE,$127.95 ,CHM
MPC F06-06,INFINITY HAND SANITIZER (NON-A,CASE,$86.50 ,CHM
MPC F07-06,INFINITY FOAM A/B SOAP,CASE,$70.50 ,CHM
MPC F08-06,INFINITY ECOFRIENDLY FOAM SOAP,CASE,$66.50 ,CHM
MPC F64-05 108357,FRESH & CLEAN HI-CON 64 (5GL),PAIL,$78.50 ,CHM
MPC F64-14 108363,FRESH & CLEAN HI-CON 64 (GL),GAL,$16.63 ,CHM
MPC F95-06,INFINITY DISPENSER (BATTERY),EACH,$10.00 ,CHM
MPC F96,1000ML HAND SOAP DISP (INFINIT,EACH,$6.00 ,CHM
MPC F96-DISP,INFINITY DISPENSER,EACH,$0.00 ,CHM
MPC FIR-05 106397,FIRST STEP FLOOR SEALER (5GL),PAIL,$102.70 ,CHM
MPC FIR-14 106404,FIRST STEP FLOOR SEALER (GL),GAL,$22.10 ,CHM
MPC FLE-05 106420,FLEX ULTRA FLOOR FINISH (5GL),PAIL,$143.40 ,CHM
MPC FLE-14 106424,FLEX ULTRA FLOOR FINISH (GL),GAL,$30.30 ,CHM
MPC FLR-14,FLASHBACK UHS RESTORER,GAL,$14.08 ,CHM
MPC FLS-12 106466,FLASHBACK SPRAY BUFF (QT),QTS,$5.73 ,CHM
MPC FLS-14 106476,FLASHBACK SPRAY BUFF (GL),GAL,$15.70 ,CHM
MPC FOR-12 106492,FORCE NONACID DRAIN OPNR (QT),QTS,$4.94 ,CHM
MPC FRB-12 106506,FRESH BREEZE N/A BATH CLNR(QT),QTS,$3.92 ,CHM
MPC FRT-12 106550,FRESH BREEZE TB DISINFECT(QT),QTS,$4.83 ,CHM
MPC GRA-05 106588,GRANITE SEAL/FINISH (5GL),PAIL,$108.60 ,CHM
MPC GRA-14 106595,GRANITE SEAL/FINISH (GL),GAL,$23.80 ,CHM
MPC GRD-05 106613,GRAND OPENING DRAIN CLNR (5GL),PAIL,$158.90 ,CHM
MPC GRD-14 106621,GRAND OPENING DRAIN CLNR (GL),GAL,$33.05 ,CHM
MPC GRD-55,GRAND OPENING,55GL,$0.00 ,CHM
MPC GRI-14 106642,GRILL-GLO OVEN&GRILL CLNR (GL),GAL,$14.80 ,CHM
MPC HAN-12 106672,HANG-TITE PLUS BOWL CLNR (QT),QTS,$4.09 ,CHM
MPC I-10 106723,CARPET SANITIZING CLEANER (GL),GAL,$22.40 ,CHM
MPC I-11 106742,CARPET EXTRACTION CLEANER (GL),GAL,$18.90 ,CHM
MPC I-20 106757,TRAFFIC/BONNET CLEANER (GL),GAL,$27.20 ,CHM
MPC I26-14,ENCAPSULATING CARPET CLEANER,GAL,$89.84 ,CHM
MPC I26-KTMN,ENCAPSULATING CARPET KIT,KIT,$41.20 ,CHM
MPC I-30 106805,CARPET RINSE/NEUTRALIZER (GL),GAL,$19.10 ,CHM
MPC I-40 106824,CARPET DEFOAMER (GL),GAL,$26.40 ,CHM
MPC I-50 106838,CARPET/UPHOLSTERY SHAMPOO (GL),GAL,$21.60 ,CHM
MPC I-74 106885,TRIPLE ACTION SPOTTER (CHERRY),QTS,$8.64 ,CHM
MPC I-75 106917,TRIPLE ACTION SPOTTER (FR&CLN),QTS,$8.64 ,CHM
MPC I-90 106951,PRE-SPRAY & EXTRACTION CLEANER,GAL,$20.50 ,CHM
MPC IPG-14 106973,IMPREGNATOR (GL),GAL,$97.80 ,CHM
MPC L27-12 106988,A2Z LAVENDER DISINFECTANT (QT),QTS,$6.98 ,CHM
MPC L64-05 106998,LEMON HI-CON 64 (5GL),PAIL,$78.50 ,CHM
MPC L64-14 107007,LEMON HI-CON 64 (GL),GAL,$16.63 ,CHM
MPC LEM-12,LEMON ODORS AWAY,QTS,$4.00 ,XXX
MPC LF1 107075,L/F #1 GLASS CLEANER (2X1/2GL),CASE,$77.90 ,CHM
MPC LF10,L/F #10 MILD ACID RESTRM CLNR,CASE,$118.60 ,CHM
MPC LF14,L/F #14 FOOD SANITIZER,CASE,$54.55 ,CHM
MPC LF-15,ENZYME FLOOR CLEANER,CASE,$96.24 ,CHM
MPC LF2 107100,L/F #2 SPRAY&WIPE DGRSR(2X1/2),CASE,$93.00 ,CHM
MPC LF3 107103,L/F#3 NEUT DISINF CLNR (2X1/2),CASE,$70.10 ,CHM
MPC LF4 107115,L/F #4 FLOOR CLEANER (2X1/2GL),CASE,$77.60 ,CHM
MPC LF7,L/F #7 SPRAY DEODORIZER,CASE,$110.78 ,CHM
MPC LFW 109168,LOCK & FILL DISPENSER,EACH,$130.00 ,CHM
MPC LIM-05 107149,LIME-OFF DESCALER (5GL),PAIL,$115.10 ,CHM
MPC LIM-14 107155,LIME-OFF DESCALER (GL),GAL,$24.30 ,CHM
MPC LIM-55,LIME-OFF DESCALER (55GAL),DRUM,$704.00 ,CHM
MPC LMP-14 107169,LA'BAMBA MULTI-PURPOSE CLEANER,GAL,$11.70 ,
MPC LOD-14,LEMON ODORS AWAY,GAL,$15.50 ,CHM
MPC LOS-14 107199,LEMON ONE STEP DISINFECT (GL),GAL,$12.85 ,CHM
MPC M64-05 107218,MINT HI-CON 64 (5GL),PAIL,$78.50 ,CHM
MPC M64-14 107225,MINT HI-CON 64 (GL),GAL,$16.63 ,CHM
MPC MFX-05 107242,MEGA FLEX FLOOR FINISH (5GL),PAIL,$159.30 ,CHM
MPC MRT-55PN,MISTY RUST TREATMENT (55 GAL),55DR,$680.72 ,CHM
MPC NAR-12,NU-AIRE REFRESH,QTS,$6.00 ,XXX
MPC NAR-25,ARCTIC KLEEN NF (2-2.5GL),CASE,$96.00 ,CHM
MPC NDR-05 107350,N-DURE NANO-INFUSED FINIS(5GL),PAIL,$144.70 ,CHM
MPC NDR-14 107353,N-DURE NANO-INFUSED FINISH(GL),GAL,$30.20 ,CHM
MPC OFL-05,ORANGE FLOAT,PAIL,$176.40 ,CHM
MPC OFL-55,ORANGE FLOAT,55GL,"$1,350.00 ",CHM
MPC ONY-05 107416,ONYX FLOOR STRIPPER (5GL),PAIL,$107.20 ,CHM
MPC ONY-14 107426,ONYX FLOOR STRIPPER (GL),GAL,$22.80 ,CHM
MPC OPU-12 107465,ONE PASS STRIPPER (LOW ODOR),QTS,$17.26 ,CHM
MPC ORP-14,ORANGE POWER CITRUS SOLVENT,GAL,$36.60 ,CHM
MPC ORP-55,ORANGE POWER SOLVENT (55GL),DRUM,"$1,529.44 ",CHM
MPC OSO-05,ORANGE SOLV (5/GL PAIL),PAIL,$155.00 ,CHM
MPC OSO-12,ORANGE SOLV CITRUS SOLVENT,QTS,$9.28 ,CHM
MPC OSP-12 107513,ORANGE SPRAY RTU CLEANER (QT),QTS,$5.06 ,CHM
MPC P64-14 107583,PINE HI-CON 64 (GL),GAL,$16.63 ,CHM
MPC PIN-14 107639,PINEX DEODORANT CLEANER (GL),GAL,$14.05 ,CHM
MPC PKG-5LID-WH,5GL PAIL LID (WHITE PLASTIC),EACH,$0.00 ,XXX
MPC PKG-5M,5GL WHITE METAL PAIL W/LID,EACH,$0.00 ,XXX
MPC PKG-5WH,5GL PAIL W/N-DURE LABEL,EACH,$0.00 ,XXX
MPC PKG-BONGC,"2"" COARSE THREADED BUNG",PKG,$4.94 ,XXX
MPC PKG-BONGF,"2"" FINE THREADED BUNG",PKG,$4.58 ,XXX
MPC PLU-14 107650,PLUSH FOAMING HAND SOAP (GL),GAL,$16.90 ,CHM
MPC PLU-16,16 OZ. PLUSH FOAM SOAP (12),CASE,$57.72 ,CHM
MPC POW-05,POWERHOUSE FOOD GRADE DEGREASR,PAIL,$54.20 ,CHM
MPC PRM-14 107730,PREMIER DISH DETERGENT (GL),GAL,$19.73 ,CHM
MPC PRM-55,PREMIER DISH DETERGENT - 55GL,DRUM,$718.30 ,CHM
MPC R03-12,ELEMENTS RTC  RESTROOM CLEANER,DOZN,$56.42 ,CHM
MPC R12-12,SUPER DUTY DEGREASER,QTS,$5.18 ,CHM
MPC R12-14,SUPER DUTY DEGREASER,CASE,$0.00 ,CHM
MPC R17-12,R17 ORGANIC ACID BOWL CLNR(QT),QTS,$4.59 ,CHM
MPC R22-12,R22 ELEMENTS - LAVENDER BREEZE,QTS,$6.20 ,CHM
MPC R23-12,ELEMENTS - MACINTOSH APPLE,DOZN,$64.00 ,CHM
MPC REF-12 107937,FRESH FLORAL REFRESH (QT),QTS,$6.67 ,CHM
MPC REG-05,GREEN REVITE DEGREASER,PAIL,$40.50 ,CHM
MPC REG-14,GREEN REVITE DEGREASER,GAL,$13.65 ,CHM
MPC REG-55,GREEN REVITE DEGREASER(55GL),DRUM,$495.00 ,CHM
MPC REJ-14 107989,REJUVENATOR GROUT RESTORER,GAL,$26.60 ,CHM
MPC REJ-KT,GROUT RESCUE KIT,KIT,$125.00 ,CHM
MPC REP-05 108214,PURPLE REVITE DEGREASER (5GL),PAIL,$61.90 ,CHM
MPC REP-14 108223,PURPLE REVITE DEGREASER(GL),GAL,$13.40 ,CHM
MPC REP-55 108246,PURPLE REVITE DEGREASER(55GL),55GL,$528.20 ,CHM
MPC REV-14 108274,REVITE PLUS 10,CASE,$53.80 ,CHM
MPC RIN-05 108301,RINSE FREE NEUTRAL CLNR (5GL),PAIL,$51.00 ,CHM
MPC RIN-14 108312,RINSE FREE NEUTRAL CLEANR (GL),GAL,$11.20 ,CHM
MPC SAN-05,SANI-512 SANITIZER (5GL),PAIL,$71.00 ,CHM
MPC SAN-12 108342,SANI SPRAY RTU SANITIZER (QT),QTS,$5.06 ,CHM
MPC SAN-14 108397,SANI-512 SANITIZER/DISINF (GL),GAL,$19.35 ,CHM
MPC SST-12,STAINLESS STEEL TREATMENT,QTS,$8.56 ,CHM
MPC SST-14,STAINLESS STEEL TREATMENT,GAL,$31.70 ,CHM
MPC STF-05,STREAK FREE GLASS CLNR (5GL),PAIL,$48.00 ,CHM
MPC STF-12 108689,STREAK FREE GLASS CLEANER (QT),QTS,$3.93 ,CHM
MPC STF-14 108699,STREAK FREE GLASS CLEANER (GL),GAL,$10.60 ,CHM
MPC STFC-05,STREAK FREE CONC. GLASS CLNR,PAIL,$57.40 ,CHM
MPC STFC-14,STREAK FREE CONC. GLASS CLNR,GAL,$13.00 ,CHM
MPC SUB-05 108725,SUPER BLUE ALL PURPOSE (5GL),PAIL,$71.00 ,CHM
MPC SUB-14 108737,SUPER BLUE ALL PURPOSE (GL),GAL,$15.50 ,CHM
MPC TIL-12 108827,TILE BRITE MILDEW REMOVER (QT),QTS,$5.72 ,CHM
MPC TOP-14 108842,TOPAZ FLOOR RESTORER (GL),GAL,$20.40 ,CHM
MPC ULT-05 108870,ULTIMA FLOOR FINISH (5GL),PAIL,$145.00 ,CHM
MPC WAS-05 108974,WASH BRYTE LIQUID LAUND. (5GL),PAIL,$88.40 ,CHM
MPC WAS-14 108980,WASH BRYTE LIQUID LAUND. (GL),GAL,$18.93 ,CHM
MPC WAS-55,WASH BRYTE LIQUID LAUND. DET.,55DR,$724.90 ,CHM
NTC 69080,MONK DISINFECTANT WIPES/6-80,CASE,$8.08 ,CHM
NTC 69080WB,WALL BRACKET FOR MONK 69080,EACH,$16.00 ,CHM
NTC 69800,MONK DISINF WIPES (800CT/2BKT),CASE,$100.62 ,CHM
NTC 69800R,MONK DISINF WIPES (REFILLS),CASE,$74.20 ,CHM
OSS 6010,PELADOW ICE MELT (85#DRUM),DRUM,$52.25 ,CHM
OSS 6055,PELADOW ICE MELT (50# BAG),50#,$17.75 ,CHM
OSS 6085,PELADOW ICE MELT (85#),DRUM,$45.00 ,CHM
OSS 6190,******* USE OSS 6000 *********,,$0.00 ,ADM
OSS 6305DP,SELECT LIQUID ICE MELT (5GL),PAIL,$110.75 ,CHM
OSS 6405S,LIQUID TRIPLE MELT (5GAL),PAIL,$47.20 ,CHM
OSS 6450,TRIPLE MELT (50#),BAGS,$12.00 ,CHM
OSS 6490,TRIPLE MELT (100#),DRUM,$44.00 ,CHM
OSS 6950,ECO MELT,BAGS,$17.10 ,XXX
OSS 7752,TITAN ICE MELT (50#),BAGS,$10.50 ,CHM
OSS N/S,#50 TITAN ICE MELT,EACH,$12.00 ,XXX
OSS SW4030,#1 GRADE SWEEPING COMPOUND,225#,$93.50 ,CHM
OSS SW4050,#1 GRADE SWEEP CMPND/OIL BASED,50#,$17.00 ,CHM
OSS SW4250,GRITLESS SWEEP COMPOUND,50#,$29.50 ,CHM
PAR 250501,PARACLIPSE INSECT INN ULTRA,EACH,$240.00 ,MSC
PAR 250602,PARACLIPSE INSECT INN ULTRA II,EACH,$245.00 ,MSC
PAR 72651,PARA BULB FOR ULTRA INSECT INN,EACH,$25.04 ,MSC
PAR 73836,BUG CARTRIDGE/INN IV  & ULTRA,EACH,$22.00 ,MSC
REA MS1000,MOTOR SCRUBBER,EACH,$395.00 ,VAC
REA MS1030,SPONGE DISK,EACH,$39.95 ,VAC
REA MS1038,LIGHT DUTY BRUSH,EACH,$31.10 ,VAC
REA MS1039,AGGRESSIVE BRUSH (ORANGE),EACH,$61.58 ,VAC
REA MS1039-SG,AGGRESSIVE BRUSH W/SPLASH GURD,EACH,$55.75 ,VAC
REA MS1039-TG,TILE & GROUT BRUSH,EACH,$55.75 ,VAC
REA MS1041,MEDIUM DUTY BRUSH,EACH,$54.78 ,VAC
REA MS1044,SOFT LONG BRISTLE BRUSH,EACH,$48.75 ,VAC
REA MS1046,PAD HOLDER,EACH,$46.25 ,VAC
REA MS1048,BASEBOARD BRUSH,EACH,$99.50 ,VAC
REA MS1053,MICROFIBER PAD (BLUE),EACH,$3.96 ,VAC
REA MS1060,"7 3/4"" BLACK STRIP PADS",EACH,$2.96 ,VAC
REA MS1064,"7 3/4"" RED BUFFING PADS",EACH,$4.00 ,VAC
REA MS1066,"7 3/4"" WHITE POLISH PADS",EACH,$2.96 ,VAC
REA MS1580,12V DC BATTERY CHARGER,EACH,$28.58 ,VAC
REA MS3001,HUB,EACH,$0.00 ,VAC
REA MS3004,HANDLE ASSEMBLY,EACH,$29.62 ,VAC
REA MS3005,YOKE,EACH,$27.22 ,VAC
REA MS3009,5' BATTERY CORD/COIL,EACH,$32.45 ,VAC
REA MS3011,BATTERY 12V DC,EACH,$43.10 ,VAC
REA MS3013,BATTERY BACK HARNESS,EACH,$43.04 ,VAC
REA MS3020P,"48"" PIGTAIL WIRING HARNESS",EACH,$53.02 ,VAC
REA MS3024P,UNIVERSAL PIGTAIL,EACH,$0.00 ,VAC
REA MS3080,SPLASH GUARD ASSSEMBLY,EACH,$25.00 ,VAC
REA MS4000,MOTOR HOUSING W/YOKE ASSEMBLY,EACH,$127.23 ,VAC
RES 1441CGR,TOILET FLOOR MATS (6/CS),CASE,$57.50 ,CHM
RES 1452CGR,URINAL FLOOR MATS (6/CS),CASE,$50.80 ,CHM
RMC 10045015,BLITZ DRAIN OPENER,QTS,$5.53 ,CHM
RMC 10141027,DOLGE LAKE DYE,GAL,$125.36 ,CHM
RMC 10200027,GERM-O-SOLV 2 (GAL),GAL,$28.00 ,CHM
RMC 10243015,JIFFY SPRAY CLEANER (12/CS),QTS,$4.66 ,CHM
RMC 10243027,JIFFY SPRAY CLEANER (GAL),GAL,$9.36 ,CHM
RMC 10243057,JIFFY SPRAY CLEANER (55GL),DRUM,$400.02 ,CHM
RMC 10284027,LIQUID MEXO HAND CLEANER,GAL,$18.80 ,CHM
RMC 10566027,SUPER FLO SPRAY,GAL,$40.80 ,CHM
RMC 11758027,POWER TIME FOAM CLEANER (GAL),GAL,$20.40 ,CHM
RMC 11761927,ORANGE MUSCLE PUMICE HAND CLNR,GAL,$23.25 ,CHM
RMC 11789315,QUAT PLUS TB DISINFECTANT,QTS,$5.04 ,CHM
RMC 11796727,SUDSATION DISH SOAP,GAL,$17.50 ,CHM
RMC 11808427,ULTRA MARATHON FINISH (GAL),GAL,$35.10 ,CHM
RMC 11808445,ULTRA MARATHON FINISH (5GAL),PAIL,$154.80 ,CHM
RMC 11809127,ULTRA RESTORE (GAL),GAL,$19.25 ,CHM
RMC 11822027,E/C LOW FOAM ALL PURPOSE CLNR,GAL,$18.25 ,CHM
RMC 11827015,DfE VANDAL MARK REMOVER,QTS,$23.66 ,CHM
RMC 11827289,SCENTURY REFILL (SPRINGTIME),DOZN,$95.10 ,CHM
RMC 11828625,SNAP E/C #10 ALL PURPOSE CLNR,CASE,$159.20 ,CHM
RMC 11828625NS,#11 SNAP E/C NEUTRAL CLEANER,CASE,$81.13 ,XXX
RMC 11828725,SNAP E/C #1 GLASS CLEANER,CASE,$280.80 ,CHM
RMC 11828725NS,SNAP E/C GLASS CLEANER,CASE,$190.87 ,XXX
RMC 11828825,SNAP E/C #3 NEUTRAL DISINF.,CASE,$208.60 ,CHM
RMC 11828925,SNAP E/C #12 TOUGH JOB CLEANER,CASE,$463.00 ,CHM
RMC 11829025,SNAP E/C #9 WASHROOM CLEANER,CASE,$360.20 ,CHM
RMC 11829525,SNAP #6 FRESH AIRE DEODORIZER,CASE,$334.96 ,CHM
RMC 11830627,DfE TILE & GROUT CLEANER,GAL,$23.85 ,CHM
RMC 11835515,PROXI HARD SURFACE CLEANER,QTS,$5.85 ,CHM
RMC 11847927,SUPER STRIP (GAL),GAL,$14.38 ,CHM
RMC 11847945,SUPER STRIP (5GAL),PAIL,$123.20 ,CHM
RMC 11848745,THERMO GLOSS PLUS (5GAL),PAIL,$69.82 ,XXX
RMC 11849315,PROXI SPRAY & WALK AWAY,QTS,$8.64 ,CHM
RMC 11850245,PROXI HARD SURFACE CLNR (CONC),PAIL,$108.16 ,XXX
RMC 11850827,F.S. EXTRA CLEAN,GAL,$15.25 ,XXX
RMC 11851045,F.S. HEAVY CLEAN (5GL),PAIL,$43.36 ,CHM
RMC 11851057,F.S. HEAVY CLEAN (55GAL),55DR,$437.80 ,CHM
RMC 11886427,FS FRYER CLEANER,GAL,$18.27 ,CHM
RMC 11894515,POWER TIME ACID CLEANER 12/CS,QTS,$5.78 ,CHM
RMC 11897815,E/C WASHROOM CLEANER RTU,QTS,$6.08 ,CHM
RMC 11902245,NEUGENIC 4175 CA (5GL),PAIL,$237.22 ,CHM
RMC 11914527,BY-QUAT DISINF CLEANER (GAL),GAL,$14.20 ,CHM
RMC 11914545,BY-QUAT DISINF CLEANER (5GAL),PAIL,$58.20 ,CHM
RMC 11926887,BIOGIENE (GREEN MELON) RTU,CASE,$110.80 ,CHM
RMC 11930487,BIOGIENE SPRINGTIME RTU,CASE,$0.00 ,CHM
RMC 12000227,E/C CARPET & UPHOLSTERY CLNR,GAL,$25.81 ,CHM
RMC 12001227,E/C NEUTRAL DISINFECTANT,GAL,$22.20 ,CHM
RMC 12001827,E/C TOUGH JOB CLEANER,GAL,$32.60 ,CHM
RMC 12010027,BREAK THRU,GAL,$15.62 ,CHM
RMC 12010427,BUFFERALL ACID NEUTRALIZER/GAL,GAL,$14.60 ,CHM
RMC 12016227,HI CON CLEANER (GAL),GAL,$18.07 ,CHM
RMC 12016245,HI CON CLEANER (5GAL),PAIL,$73.60 ,CHM
RMC 12016257,HI CON CLEANER (55 GAL),55GL,$436.84 ,CHM
RMC 12020227,SPRA KLEEN,GAL,$27.70 ,CHM
RMC 12020245,SPRA KLEEN,PAIL,$127.00 ,CHM
RMC 12020257,SPRA-KLEEN (55GL),DRUM,$993.28 ,CHM
RMC 12021427,THERMO CLEAN (GAL),GAL,$13.85 ,CHM
RMC 12021445,THERMO CLEAN (5GAL),PAIL,$62.50 ,CHM
RMC 12048015,LIQUI SCRUB,QTS,$5.92 ,CHM
RMC 25016000,25 CENT COIN MECHANISM,EACH,$55.08 ,XXX
RMC 25025088,#77 SANI DISP BAGS - BRN (500),CASE,$37.40 ,PAP
RMC 25121298,RM WAX LINERS (250/CS),CASE,$0.00 ,MSC
RMC 25123300,SANI FLOOR RECEPTACLE,EACH,$0.00 ,CHM
RMC 25131073,STAYFREE CLASSIC MAXI PDS/FLAT,CASE,$96.25 ,MSC
RMC 25144388,TAMPON/GENTLE/PLASTC APPL-500,CASE,$135.70 ,MSC
RMC 25160100,RSVP VEND MACHINE (25CENTS),EACH,$332.40 ,MSC
RMC 25165800,AIR FRESHENER DISPENSER (WH),EACH,$38.50 ,CHM
RMC 25172900,RSVP CABINET LOCK W/KEY ASMBLY,EACH,$27.96 ,MSC
RMC 25173100,LOCKING MECHANISM,EACH,$27.35 ,MSC
RMC 25175100,TAMPON INSIDE DELIVERY MECH,EACH,$0.00 ,MSC
RMC 25189973,PLUS MAXI PADS W/WINGS 250/CS,CASE,$73.00 ,MSC
RMC 35064373,E/C BOTTLE - GLASS CLEANER,EACH,$2.20 ,CHM
RMC 35064473,E/C BOTTLE - ALL  PURPOSE CLNR,EACH,$2.20 ,CHM
RMC 35064573,E/C BOTTLE - NEUTRAL DISINF.,EACH,$2.20 ,CHM
RMC 35064673,E/C BOTTLE - TOUGH JOB CLEANER,EACH,$2.20 ,CHM
RMC 35064773,E/C BOTTLE - WASHROOM CLEANER,EACH,$2.20 ,CHM
RMC 35065173,BOTTLE-SNAP CITRUS DEGREASER,EACH,$2.20 ,CHM
RMC 35065373,BOTTLE-SNAP GLASS CLEANER,EACH,$2.20 ,CHM
RMC 35065673,BOTTLE-SNAP NEUTRAL CLEANER,EACH,$2.20 ,CHM
RMC 35065773,BOTTLE-SNAP NEUTRAL DISINF.,EACH,$2.20 ,CHM
RMC 35065900,SNAP CLEANING DISPENSER,EACH,$64.00 ,CHM
RMC 35066900,SANOR APPL KIT & REFILL,EACH,$46.70 ,CHM
RMC 35389900,SNAP MOBILE UNIT,EACH,$105.00 ,XXX
RMC 35585400,SADDLE KIT W/CHECK VALVE,EACH,$48.10 ,CHM
RMC 35678200,COIN MECHANISM J8-25 CENTS,EACH,$94.78 ,CHM
RMC 35690100,BIOGIENIUS LCD DISPENSER,EACH,$37.60 ,CHM
RUB 1304BK,TILT TRUCK (CAP. 450 LB) BLACK,EACH,$632.00 ,XXX
RUB 1314BK,1 CU.YD. TILT TRUCK 850#(BLCK),EACH,$950.00 ,MSC
RUB 131600,HEAVY DUTY TILT TRUCK-BLK,EACH,"$1,582.00 ",MSC
RUB 15206BL,BLUE WEB FOOT MOP (MEDIUM),EACH,$18.40 ,MOP
RUB 1639EHBZ,SMOKERS STATION (BRONZE),EACH,$169.60 ,MSC
RUB 1639EHGR,SMOKERS STATION (CHARCOAL),EACH,$168.80 ,MISC
RUB 1779732,55GL BRUTE (BLUE),EACH,$0.00 ,MISC
RUB 1779741,44-GALLON BRUTE CONTAINER,EACH,$0.00 ,MSC
RUB 1788376,BOTTLE/CAN RECYCLE LID- (BLUE),EACH,$17.00 ,MSC
RUB 1791676,DOUBLE SIDED FOLDING FRAME,EACH,$33.60 ,MSC
RUB 1791678,GENERAL PURPOSE MICRO MOP,EACH,$12.00 ,XXX
RUB 1791791,M/F WET & SCRUB MOP PLUS,EACH,$14.24 ,MSC
RUB 1791794,ROUGH SURFACE MOP,EACH,$12.80 ,XXX
RUB 1791796,ROUGH SURFACE SCRUB,EACH,$13.80 ,XXX
RUB 1791797,FILTER BUCKET W/WRINGER(YW),EACH,$195.20 ,MSC
RUB 1835528,21 OZ PULSE MICROFIBER MOP KIT,EACH,$0.00 ,MOP
RUB 1855BK,STEEL DRUM DOME TOP (BLACK),EACH,$128.00 ,MSC
RUB 1867531,32-GALLON BRUTE CONTAINER/BK,EACH,$38.50 ,MISC
RUB 1993,"34"" CLOSET ORGANIZER/TOOL HLDR",EACH,$58.60 ,MSC
RUB 25106BL,SM WEBFOOT SHRNKLSS WET MOP,EACH,$0.00 ,MOP
RUB 2531-04,LOBBY PRO UPRIGHT DUST PAN,EACH,$24.00 ,MISC
RUB 2541BG,14 QT FIRE RESIST W/B (BEIGE),EACH,$43.90 ,MSC
RUB 2541BK,14 QT FIRE RESIST W/BSKT (BLK),EACH,$43.90 ,MSC
RUB 2543BG,28 QT FIRE RESIST W/B (BEIGE),EACH,$65.90 ,MSC
RUB 2544BG,40 QT FIRE RESIST W/B (BEIGE),EACH,$86.70 ,MSC
RUB 2570-88,"36"" SMOKERS OUTPOST (BEIGE)",EACH,$145.60 ,MSC
RUB 2570-88BR,"36"" SMOKERS OUTPOST (BROWN)",EACH,$125.00 ,MSC
RUB 2570-L4,INSERT SMOKERS OUTPOST (BEIGE),EACH,$46.73 ,MSC
RUB 2585BK,SMOKING URN W/ASH TRAY (BLACK),EACH,$60.35 ,MSC
RUB 2609WH,10GL BRUTE LID (WHITE),EACH,$9.00 ,MSC
RUB 2610WH,10GL BRUTE ROUND CONT(WHITE),EACH,$24.40 ,MSC
RUB 2614GY,14QT ROUND BUCKET (GRAY),EACH,$20.40 ,MSC
RUB 2619-60GY,LID FOR 20GL BRUTE (GRAY),EACH,$9.20 ,MSC
RUB 2620BL,20GL BRUTE CONTAINER (BLUE),EACH,$38.00 ,MSC
RUB 2620GY,20GL BRUTE CONTAINER (GRAY),EACH,$35.80 ,MSC
RUB 2631GY,32GL BRUTE LID (GRAY),EACH,$14.80 ,MSC
RUB 2632-73,32GL ROUND RECYCLE CONT (BLUE),EACH,$48.20 ,MSC
RUB 2632BL,32GL BLUE CONTAINER (NO LOGO,EACH,$48.20 ,MSC
RUB 2632GY,32GL BRUTE CONTAINER (GRAY),EACH,$51.90 ,MSC
RUB 2632RD,32GL BRUTE CONTAINER (RED),EACH,$39.40 ,MSC
RUB 2637-88GY,DOME TOP LID (GRAY),EACH,$98.40 ,MSC
RUB 2640-43,BRUTE QUIET DOLLY (BLACK),EACH,$86.60 ,MSC
RUB 2640BK,BRUTE DOLLY (BLACK),EACH,$81.40 ,MSC
RUB 2642YW,BRUTE CADDY BAG (YELLOW),EACH,$49.97 ,MSC
RUB 2643-60GY,BRUTE 44-GALLON W/VENT(GRAY),EACH,$74.00 ,MISC
RUB 2643-60YW,BRUTE 44GL UTILITY W/VENT(YW),EACH,$74.26 ,MSC
RUB 2643BL,44GL BRUTE CONTAINER (BLUE),EACH,$68.00 ,MSC
RUB 2643GY,44GL BRUTE CONTAINER (GRAY),EACH,$80.20 ,MSC
RUB 2643RD,44GL BRUTE RND CONTAINER (RED),EACH,$64.00 ,MSC
RUB 2643YW,44GL BRUTE CONTAINER (YELLOW),EACH,$53.76 ,MSC
RUB 2645GY,LID FOR 44GL BRUTE (GRAY),EACH,$23.40 ,MSC
RUB 2646BK,TANDEM BRUTE DOLLY (BLACK),EACH,$193.50 ,MSC
RUB 2647-88GY,44GL BRUTE DOME LID (GRAY),EACH,$102.50 ,MSC
RUB 2649GY,MAID CADDY (GRAY),EACH,$26.50 ,MSC
RUB 2651-L2,PLATFORM TRUCK TRAINABLE DOLLY,EACH,$10.80 ,MSC
RUB 2654GY,55GL BRUTE LID (GRAY),EACH,$22.68 ,MSC
RUB 2655GY,55GL BRUTE CONTAINER (GRAY),EACH,$123.00 ,MSC
RUB 265788GR,BRUTE DOME LID FOR 55GL (GRAY),EACH,$124.50 ,MSC
RUB 2657-88RD,BRUTE DOME TOP (RED),EACH,$131.00 ,MSC
RUB 266400,UNTOUCHABLE SQ.SWING TOP-BG,EACH,$62.10 ,MSC
RUB 2664GY,SWING TOP LID,EACH,$0.00 ,MSC
RUB 2672BG,ROUND SWING-TOP LID (BEIGE),EACH,$36.40 ,MSC
RUB 2673-60BK,SLIM JIM SWING TOP (BLACK),EACH,$23.90 ,MSC
RUB 267777,"SAFETY CONE WET FLOOR 25""",EACH,$0.00 ,MSC
RUB 2689-88BK,SWING TOP LID (BLACK) - FITS 3,EACH,$42.80 ,MSC
RUB 2689-88GY,SWING TOP LID (GRAY),EACH,$38.10 ,MISC
RUB 279100BL,UNTOUCHABLE BOTTLE&CAN TOP-BLU,EACH,$61.20 ,MSC
RUB 288500,64 OZ. UTILITY SCOOP (WHITE),EACH,$8.00 ,MSC
RUB 2947GY,44 QT ROUND WASTEBASKT (GRAY),EACH,$28.10 ,MSC
RUB 2950-73BK,SIDE BURN RECYCLING (BLACK),EACH,$11.86 ,MISC
RUB 2955BK,13 QT RECT WASTEBASKET (BLACK),EACH,$7.90 ,VAC
RUB 2956-73,28 QT. RECYCLE W/BASKET (BLUE),EACH,$9.90 ,MSC
RUB 2956BG,28 QT MED. WASTEBASKET (BEIGE),EACH,$11.20 ,MSC
RUB 2956BK,28 QT.MED RECT WBASKET (BLACK),EACH,$9.60 ,MSC
RUB 2956GY,28 QT MED RECT WBASKET (GRAY),EACH,$9.60 ,MSC
RUB 2957-73,41 QT RECYCLE W/BASKET (BLUE),EACH,$18.70 ,MSC
RUB 2957BG,41 QT. LARGE W/BASKET (BEIGE),EACH,$18.00 ,MSC
RUB 2957BK,41 QT. LG RECT W/BASKET(BLACK),EACH,$18.00 ,MSC
RUB 2957GY,41 QT. LG RECT W/BASKET (GRAY),EACH,$18.00 ,MSC
RUB 3071-20BG,UNTOUCHABLE COMBO W/BASKET -BG,EACH,$29.80 ,MSC
RUB 321000,8 OZ. MEASURING CUP (CLEAR),EACH,$6.80 ,MSC
RUB 321600,1 QT. MEASURING CUP (CLEAR),EACH,$13.00 ,MSC
RUB 321700,2 QT. MEASURING CUP (CLEAR),EACH,$17.80 ,MSC
RUB 321800,4 QT. MEASURING CUP (CLEAR),EACH,$19.40 ,MSC
RUB 3338CLR,60 OZ. BOUNCER PITCHER (CLEAR),EACH,$9.20 ,XXX
RUB 3486108,PROFESSIONAL SPRAY MOP,EACH,$60.80 ,MOP
RUB 3539GY,40 GAL SQUARE BRUTE LID (GRAY),EACH,$22.40 ,MSC
RUB 3540,SLIM JIM CONTAINER (BLACK),EACH,$0.00 ,XXX
RUB 3540-07BL,23GL VENT SLIM JIM CONT(BLUE),EACH,$60.00 ,XXX
RUB 3540-07GR,23GL VENT SLIM JIM CONT(GREEN),EACH,$51.15 ,XXX
RUB 3540-08BL,23GL VENT SLIM JIM CONT(BLUE),EACH,$60.00 ,XXX
RUB 3540-75BL,23GL SLIM JIM RECYCLE CONT-BLU,EACH,$60.20 ,MSC
RUB 3540BK,23GL SLIM JIM CONTAINER(BLACK),EACH,$33.22 ,MSC
RUB 3540BN,23GL SLIM JIM WASTE CONT(BEIGE,EACH,$64.00 ,MSC
RUB 3540-BRN,23GAL SLIM JIM RECTANGLE (BRN),EACH,$0.00 ,MSC
RUB 3540-GY,23GL SLIM JIM CONTAINER (GRAY),EACH,$64.00 ,MSC
RUB 3541GY,SLIM JIM CONTAINER (GRAY),EACH,$37.30 ,XXX
RUB 3542-20,SLIM JIM COMBO (LT GRAY),EACH,$60.00 ,XXX
RUB 3546GY,22GL ROUND CONTAINER (GRAY),EACH,$89.00 ,MSC
RUB 3548GY,FUNNEL TOP LID FOR 22GL (GRAY),EACH,$37.90 ,MSC
RUB 3551-88BK,SLIM JIM TROLLEY 80# (BLACK),EACH,$91.20 ,MSC
RUB 3569-88BK,23GL SQUARE CONTAINTER(BLACK),EACH,$74.00 ,MSC
RUB 3569-88BN,23GL SQUARE CONTAINTER(BROWN),EACH,$66.75 ,XXX
RUB 3569BG,23GL SQUARE CONTAINER (BEIGE),EACH,$61.80 ,MSC
RUB 3569GY,23GL SQUARE CONT. (GRAY),EACH,$100.50 ,MSC
RUB 3958-BG,UNTOUCHABLE SQUARE CONTAINER,EACH,$94.58 ,MISC
RUB 3958GY,35GL SQUARE W-BASKT (GRAY),EACH,$162.40 ,MSC
RUB 3959-73,SQUARE RECYCLING CONTAINER,EACH,$0.00 ,MSC
RUB 3964-L3,LATCH & SPACER,EACH,$19.50 ,MSC
RUB 3964-L6,LOCK KIT FOR 3964 PLAZA CTNR,KIT,$19.45 ,MSC
RUB 3975-00,50/GL LANDMARK SERIES CONT,EACH,$596.80 ,MISC
RUB 3975-01,DOME TOP (SABLE,EACH,$98.80 ,MISC
RUB 3975-L1,DOME LID (BROWN/LANDMARK CONT.,EACH,$88.00 ,XXX
RUB 4004-00,AGGREGATE PANEL,EACH,$53.44 ,MISC
RUB 4091,UTILITY CART (WHITE),EACH,$264.00 ,XXX
RUB 420903,FOLDING 2-STEP STEPSTOOL(GRAY),EACH,$73.76 ,MSC
RUB 4212-L1,BRUSH ASSEMBLY,EACH,$14.57 ,XXX
RUB 4213-88,DUAL ACTION SWEEPER (BLACK),EACH,$98.60 ,MSC
RUB 4252YW,OVER THE SPILL PADS/LG,PKG,$31.40 ,MSC
RUB 4401BK,400# TRIPLE TROLLEY (BLACK),EACH,$234.00 ,MSC
RUB 4436,24X48 PLATFORM TRCK(1000LB) BK,EACH,$628.02 ,MSC
RUB 444100,2'X4' TRUCK CART,EACH,$0.00 ,MISC
RUB 4466BK,H.D. PLATFORM TRUCK (BLACK),EACH,$710.00 ,MSC
RUB 4500-88,UTILITY CART 500# (BLACK),EACH,$238.00 ,MSC
RUB 4505BK,2-SHELF SM UTILITY CART (BLCK),EACH,$282.00 ,MSC
RUB 4520-88BK,2 SHELF UTILITY CART 500#/BLCK,EACH,$269.76 ,MSC
RUB 4520-88GY,2-SHELF UTILITY CART (GRAY),EACH,$238.00 ,MSC
RUB 4525BK,2-SHELF MED.UTILITY CART (BLK),EACH,$314.00 ,MSC
RUB 6111-L2,"2"" REPLACEMENT CASTERS",EACH,$9.00 ,MSC
RUB 6111-L3,"3"" REPLACEMENT CASTER (GRAY)",EACH,$13.10 ,MSC
RUB 6112-78,"""CLOSED""2-SIDED FLOOR SIGN-YW",EACH,$16.96 ,MSC
RUB 6112YW,"""CAUTION"" FLOOR SIGN-2SIDE YW",EACH,$20.40 ,MSC
RUB 6122-M6,DOWN PRESS WRINGER SPRING,EACH,$9.00 ,MSC
RUB 6127YW,MOP WRINGER (SIDEPRESS) YW,EACH,$112.40 ,MSC
RUB 6140,SANITARY NAPKIN RECEPTACLE-WH,EACH,$82.00 ,MSC
RUB 6141,SANI  WAX BAGS - BRN (250/CS),CASE,$47.90 ,MSC
RUB 6143BG,8GL STEP-ON CAN (BEIGE),EACH,$112.50 ,MSC
RUB 6143RD,8GL STEP-ON CONTAINER (RED),EACH,$112.50 ,MSC
RUB 6143WH,8GL STEP-ON CAN (WHITE),EACH,$109.00 ,MISC
RUB 6144RD,12GL STEP-ON CONTAINER (RED),EACH,$145.50 ,MSC
RUB 6144WH,12GL STEP-ON CAN (WHITE),EACH,$110.80 ,MSC
RUB 6145RD,18GL STEP-ON CONTAINER (RED),EACH,$165.50 ,MSC
RUB 6173BK,JANITOR CART (BLACK) W/YW BAG,EACH,$293.20 ,MSC
RUB 6173-L1,"4"" CASTER FOR JANITOR CART",EACH,$16.72 ,MSC
RUB 6173-L9,2 WHEELS (1 AXLE ASSEMBLY),EACH,$50.41 ,XXX
RUB 617900,STORAGE COMPTMT/TRASH COVER,EACH,$82.80 ,MSC
RUB 6181YW,LOCKING JANITOR CABINET,EACH,$104.00 ,MSC
RUB 6183YW,VINYL REPL BAG (YELLOW),EACH,$76.40 ,MSC
RUB 6199,UTILITY DRAWER W/LOCK (BROWN),EACH,$69.94 ,XXX
RUB 6276-77,CAUTION CONES,EACH,$45.00 ,MSC
RUB 627777,"SAFETY CONE WET FLOOR 25""",EACH,$0.00 ,MSC
RUB 671900,STORAGE COMPTMNT/TRASH COVER,EACH,$82.80 ,MSC
RUB 7380YW,31QT TANDEM MOP BCKT & WRINGER,EACH,$83.00 ,MOP
RUB 750593,ENRICHED FOAM HAND SANITIZER,CASE,$96.80 ,CHM
RUB 7570-88YW,WAVEBRAKE MOP BUCKET 35QT (YW),EACH,$88.80 ,MOP
RUB 7575-L6,EXTENSION SPRING,EACH,$6.01 ,XXX
RUB 7575-M2,SPRING (DOWNPRESS WRINGER),EACH,$13.50 ,MSC
RUB 7575YW,16-32OZ MOP WRINGER/DWNPRS-YW,EACH,$154.00 ,MSC
RUB 7577BN,35 QT MOP COMBO/DOWNPRESS-BRN,EACH,$149.50 ,MSC
RUB 7577YW,35 QT MOP COMBO/DOWNPRESS (YW),EACH,$194.90 ,MSC
RUB 7578-88BL,35 QT MOP COMBO/DOWNPRESS-BLUE,EACH,$149.50 ,MSC
RUB 7580YW,35QT MOP COMBO/SIDEPRESS (YW),EACH,$130.90 ,MSC
RUB 7590-88YW,INSTITUTIONAL MOP COMBO/35 QT,EACH,$104.00 ,MOP
RUB 7677YW,35 QT DUAL WATER DOWNPRS COMBO,EACH,$205.00 ,MSC
RUB 7817-88,BABY STATION CHANGING LINERS,CASE,$132.00 ,MSC
RUB 7818-88,BABY CHANGING STATION - HORZ,EACH,$429.90 ,MSC
RUB 792020BG,23GL SQUARE CONT. W/SWING TOP,EACH,$102.50 ,MSC
RUB 9171-88BG,45GL RANGER CONTAINER (BEIGE),EACH,$476.00 ,MSC
RUB 9173-88BK,45GL RANGER CONTAINER (BLACK),EACH,$428.00 ,MSC
RUB 9177BG,WEIGHTED BASE ACCESSORY(BEIGE),EACH,$121.00 ,MSC
RUB 93400-BK,METROPOLITAN SMOKERS STATION,EACH,$309.50 ,MSC
RUB 95088,CHARGING BUCKET,EACH,$0.00 ,MSC
RUB 9C74,18 QT DIRTY WATER BUCKET (RED),EACH,$22.00 ,MSC
RUB 9S31GY,20GL BRUTE TOTE W/LID (GRAY),EACH,$37.40 ,MSC
RUB 9T1500BK,TILT TRUCK (1 CUBIC YARD),EACH,$0.00 ,MSC
RUB 9T6800-BK,EXECUTIVE SERVICE CART-BLACK,EACH,$182.00 ,MSC
RUB 9T72,HIGH CAPCITY CLEANING CART(BK),EACH,$324.00 ,MSC
RUB 9T7300,MICROFIBER CLEANING CART (BLK),EACH,$420.00 ,MSC
RUB 9T73-L9,WHEEL & AXLE KIT,EACH,$20.99 ,MISC
RUB 9T73-M5,RUBBER TOOL GRIP,EACH,$5.52 ,MSC
RUB 9T80,HIGH CAPACITY YELLOW REPL BAG,EACH,$52.60 ,MSC
RUB 9T8500,LOCKING CABINET DOOR KIT (BLK),EACH,$163.00 ,MSC
RUB 9T8600,PREASSEMBLED LCKING SECURITY H,EACH,$169.50 ,MSC
RUB 9W2700,BRUTE ROLLOUT CONTAINER (GREY),EACH,$112.00 ,MSC
RUB 9W27-73,BRUTE RCYLE ROLLOUT CONT(BLUE),EACH,$156.00 ,MSC
RUB 9W73BK,MEGA BRUTE WASTE COLLECTOR(BK),EACH,$620.00 ,MSC
RUB 9W87YW,BRUTE RIM CADDY (YELLOW),EACH,$90.70 ,MSC
RUB A251-06,"WEBFOOT SHRNKLS MOPS 3 HB/GRN""",PKG,$70.80 ,XXX
RUB A253-06,"LG SHRINKLESS MOP (OR) 5"" H.B.",EACH,$18.00 ,XXX
RUB E052,"5""X18"" FINISH MOP",EACH,$27.90 ,MOP
RUB FG1025-42,TILT TRUCK (BLACK),EACH,$0.00 ,MSC
RUB FG18550,"36"" MICROFIBER DUST MOP",EACH,$28.40 ,MOP
RUB FG3530-L10000,CASTER,EACH,$9.70 ,MISC
RUB FG4013111,ONE SHOT HAND SOAP,CASE,$0.00 ,CHM
RUB FG440000,CART,EACH,$0.00 ,MSC
RUB FG440100,COMMERCIAL UTILITY CART (BK),EACH,$0.00 ,MSC
RUB FG703504,SAFTI-GRIP BATH MAT-MEDIUM,CASE,$37.76 ,MSC
RUB FG704304,SAFTI-GRIP BATH MAT-X-LARGE,CASE,$67.20 ,MSC
RUB FG9P9100,35 GL. CONTAINER W/ASHTRY LID,EACH,$485.00 ,XXX
RUB FG9T5600,UTILITY CART (BLACK),EACH,$0.00 ,MSC
RUB FGA11206,"WHITE WEB FOOT MOP (MED) 1""HB",EACH,$15.00 ,MOP
RUB FGFTH3BK,FUNNEL TOP - BLACK,EACH,$88.70 ,MISC
RUB FGH3BK,TOWNE SERIES CONTAINER (BLACK),EACH,$219.00 ,MISC
RUB FGMST15SS,SS MEDI-CAN STEP CAN W/BASKET,EACH,$91.00 ,MSC
RUB FGQ97900,FLOW FLAT MOP FINISH KIT,EACH,$0.00 ,MOP
RUB FGR1012E-BK,WALL MOUNT SMOKER STATION (BK),EACH,$140.60 ,MISC
RUB FGR2030E,ECLIPSE 30GL OPEN TOP (BLACK),EACH,$458.00 ,MSC
RUB FGST5E-GL,THE DEFENDERS STEP CAN (WH),EACH,$93.60 ,MSC
RUB FGST5E-RD,THE DEFENDERS STEP CAN (RED),EACH,$93.60 ,MSC
RUB FGT1414E,WASTEMASTER HINGED-TOP,EACH,$210.20 ,MSC
RUB FGT81206,WEBFOOT MICROFIBER TUBE MOP,EACH,$17.75 ,MOP
RUB FGT81306,WEBFOOT MICROFIBER TUBE MOP,EACH,$22.00 ,MOP
RUB FGU21000,LAUNDRY NET,EACH,$20.00 ,MSC
RUB H146BL,SIDE GATE WET MOP HANDLE(BLUE),EACH,$22.02 ,MOP
RUB H146GY,"60"" MOP HANDLE-SIDE GATE(GRAY)",EACH,$23.00 ,MOP
RUB H246BL,"60"" F/G MOP HANDLE-CLAMP(BLUE)",EACH,$22.00 ,MOP
RUB HFF-SYW,"60""X1 1/8"" FB MOP HAND YELLOW",EACH,$0.00 ,MOP
RUB J85300,"5""X24"" M/F LOOP DUST MOP (GR)",EACH,$20.50 ,MOP
RUB L1830,18GL RIGID LINER(PLASTIC/BRWN),EACH,$95.80 ,MSC
RUB N/S,,EACH,$0.00 ,XXX
RUB Q05000,MICROFIBER FINISH SYSTEM,KIT,$253.00 ,MOP
RUB Q18000,"18"" HOOK & LOOP REPLACEMNT SET",EACH,$7.40 ,MOP
RUB Q24000,"24"" VELCRO STRIP (2/PCK)",PACK,$9.90 ,MOP
RUB Q41000,"18"" M/F WET ROOM PAD (BLUE)",EACH,$14.50 ,MOP
RUB Q41100,"24"" M/F WET ROOM PADS (BLUE)",EACH,$22.20 ,MOP
RUB Q41200,****USE RUB Q41200GR**********,EACH,$13.00 ,MOP
RUB Q41200GR,"18"" M/F DRY ROOM PAD (GREEN)",EACH,$14.70 ,MOP
RUB Q41500,"18"" M/F DAMP PAD W/SCRUB(BLUE)",EACH,$14.40 ,MOP
RUB Q41800,"18"" M/F DUST MOP W/FRINGE (GR)",EACH,$20.40 ,MOP
RUB Q42400,"24"" M/F DRY ROOM PAD (GREEN)",EACH,$18.50 ,MOP
RUB Q42500,"24"" M/F DAMP PAD W/SCRUB(BLUE)",EACH,$20.15 ,MOP
RUB Q42600,"24"" M/F DUST MOP W/FRINGE(GRN)",EACH,$25.70 ,MOP
RUB Q43600,"36"" M/F DRY HALL DUST PAD(GRN)",EACH,$25.30 ,MOP
RUB Q43800,"36"" M/F DUST MOP W/FRINGE(GRN)",EACH,$34.10 ,MOP
RUB Q44800,"48"" M/F DRY ROOM PAD (GREEN)",EACH,$31.10 ,MOP
RUB Q44900,"48"" M/F DUST MOP W/FRINGE(GRN)",EACH,$42.80 ,MOP
RUB Q46000,"60"" M/F DUST PAD W/FRINGE(GRN)",EACH,$52.60 ,MOP
RUB Q56000,"18"" WET/DRY FRAME (YELLOW)",EACH,$31.80 ,MOP
RUB Q57000,"24"" WET/DRY FRAME (YELLOW)",EACH,$36.90 ,MOP
RUB Q58000,"36"" QUICK CHANGE DUST FRAME",EACH,$42.60 ,MOP
RUB Q59000,"48"" QUICK CONNECT DUST FRAME",EACH,$48.40 ,MOP
RUB Q59500,"60"" QUICK CONNECT DUST FRAME",EACH,$52.60 ,MOP
RUB Q620GR,16x16 MICROFIBER CLOTHS (GRN),EACH,$4.20 ,MSC
RUB Q630-12,BLUE HAND WIPES (12/CS),CASE,$56.48 ,XXX
RUB Q65000,M/FIBER ALL PURPOSE MITT (GRN),CASE,$90.00 ,MSC
RUB Q65200,MICROFIBER DUST MITT (GREEN),EACH,$9.00 ,MSC
RUB Q73000,"71"" ALUM EXTENSION HANDLE",EACH,$16.60 ,MOP
RUB Q74500,"20-40"" QUCK-CONN SHRT EXT HNDL",EACH,$11.80 ,MSC
RUB Q75000,"58"" QUICK CONNECT HANDLE (YW)",EACH,$14.30 ,MOP
RUB Q75500,"48""-72"" QUICK CONN HANDLE (YW)",EACH,$19.00 ,MSC
RUB Q76000,"48""-72"" ALUM ERGO ADJUST HNDLE",EACH,$23.40 ,MOP
RUB Q76500,4'-8' POLE,EACH,$62.15 ,MOP
RUB Q80000,"18"" MICRO FIBER FINISH PAD(WH)",EACH,$22.50 ,MOP
RUB Q80500,FLOW NYLON FLAT MOP (WHITE),EACH,$17.40 ,MOP
RUB Q81000,"18"" M/F SUPER SCRUBBER MOP(YW)",EACH,$18.00 ,MOP
RUB Q85000,DUSTING WAND (BLACK)  6/CS,CASE,$164.40 ,XXX
RUB Q85200,M/F FLEX  DUST WAND W/SLEEVE,EACH,$32.40 ,MSC
RUB Q90088,PRESS WRING BUCKET,EACH,$85.60 ,MSC
RUB Q900-88,PRESS WRING BUCKET (YELLOW),EACH,$98.80 ,MOP
RUB Q93000,43 QT. M/F FINISH BUCKET(BLUE),EACH,$114.00 ,MOP
RUB Q95088,CHARGING BCKT FOR M/FIBER PADS,EACH,$47.80 ,XXX
RUB Q96600,PULSE M/F CLEANING CADDY,EACH,$46.20 ,MOP
RUB Q96900,PULSE MOPPING KIT (YELLOW),EACH,$157.50 ,MOP
RUB Q97700,FLOW REPLACEMENT BLADDER,EACH,$21.00 ,MOP
RUB Q97900,FLOW FLAT MOP FINISH KIT (YW),KIT,$350.00 ,MOP
RUB R1536E,15GL ROUND TOP CONT (ALMOND),EACH,$193.00 ,MSC
SAA 01698,CLOROX ANYWHERE SPRAY,CASE,$0.00 ,CHM
SAA 02611,DAWN ORIGINAL LIQUID DET.(5GL),PAIL,$0.00 ,CHM
SAA 02613,DAWN DISH DETERGENT 3X1GL/CS,CASE,$74.20 ,CHM
SAA 03107,CLOROX FORMULA 409 (1 GAL),GAL,$0.00 ,CHM
SAA 04346,PRIME SOURCE TP (36/ROLLS),CASE,$67.50 ,PAP
SAA 10383,LAVA BAR SOAP WRAPPED (48/CS),CASE,$50.00 ,CHM
SAA 10CPWQ,"10"" WH FOAM PLATES-3 COMP(500)",CASE,$49.00 ,PAP
SAA 10J10,10oz STYROFOAM CUPS (1000/CS),CASE,$30.70 ,PAP
SAA 10PWQ,"10¼"" WHITE FOAM PLATES (500)",CASE,$49.00 ,PAP
SAA 115159,INFINITY FOAM DISPENSER (BLCK),EACH,$0.00 ,CHM
SAA 12021502,1600' JR ROLL TOILET TISSUE,CASE,$0.00 ,PAP
SAA 120932,TORK CNTR PULL TWL 2PLY WH 6RL,CASE,$65.04 ,PAP
SAA 12373,CONTINUOUS AIR FRESHNR (MANGO),CASE,$0.00 ,CHM
SAA 12BWWQ,12 OZ. FOAM BOWLS WH 1000/CS,CASE,$56.24 ,PAP
SAA 12BWWQR,10-12 OZ. BOWLS (1000/CS),CASE,$41.14 ,PAP
SAA 12J12,12oz STYROFOAM CUPS (1000/CS),CASE,$33.40 ,PAP
SAA 12P,COLD CUP,CASE,$53.62 ,PAP
SAA 12SJ20,12 OZ. SQUAT FOAM CONTAINER,CASE,$30.98 ,PAP
SAA 13600,***USE SAA 410049***,CASE,$45.80 ,PAP
SAA 16880,ANGEL SOFT TOILET TISSUE-2 PLY,CASE,$76.50 ,PAP
SAA 16J16,16 OZ STYROFOAM CUPS (1000/CS),CASE,$61.38 ,PAP
SAA 16SL,16 OZ. LIDS,CASE,$17.75 ,PAP
SAA 1820,SHRINK WRAP DISPENSER,EACH,$106.00 ,MISC
SAA 19027,ROLLMASTER TP (2/PLY),CASE,$81.60 ,PAP
SAA 19029,GP NEVEROUT T.P. 2 PLY 48RL/CS,CASE,$129.48 ,PAP
SAA 192122,WINDSHIELD TWLS (BLUE) 2240/CS,CASE,$42.90 ,PAP
SAA 19375,CORELESS TP (2/PLY) (36/ROLLS),CASE,$120.50 ,PAP
SAA 19378,GP COMPACT CORELESS TP,CASE,$61.80 ,PAP
SAA 1MBGPB-GY,ABSORB PADS HD 16X20 GRAY(100),CASE,$76.80 ,PAP
SAA 1MBWPL-WH,OIL ABSORB PADS HD16X20 WH/100,CASE,$81.70 ,PAP
SAA 2026331,12oz. PLASTIC CUP,CASE,$45.10 ,PAP
SAA 2029104,WHISTLE ALL PURPOSE CLEANER,QTS,$7.43 ,CHM
SAA 2029218,SPIC & SPAN GLASS CLEANER,CASE,$60.00 ,CHM
SAA 2030657,"3M 20"" RED BUFFING FLOOR PAD",CASE,$45.00 ,MISC
SAA 2030701,3M MED. DUTY SCOTCH BRITE PADS,CASE,$65.52 ,MISC
SAA 2032123,"2""X100' 2.0MIL PACKAGING TAPE",CASE,$92.05 ,MSC
SAA 2043019,DAWN DISH DETERGENT 3X1GL/CS,CASE,$67.03 ,CHM
SAA 2056199,PLACEMATS,CASE,$32.21 ,PAP
SAA 2057720,BOUNCE DRY SHEET 160BX 10BX/CS,CASE,$0.00 ,PAP
SAA 2062387,"10 1/2"" 5OZ PLATE (WH)",CASE,$135.00 ,PAP
SAA 2062857,WET TASK WIPERS,CASE,$108.45 ,PAP
SAA 20887,Z-FOLD TOWELS 1-PLY WH/2200,CASE,$53.80 ,PAP
SAA 20J16,20 OZ. STYROFOAM CUPS (500/CS),CASE,$32.65 ,PAP
SAA 20JL,20 OZ. LIDS (TRANSLUCENT/VENT),CASE,$28.52 ,PAP
SAA 2101544,SCOTCH BRITE 3000 PAD,BOX,$0.00 ,MSC
SAA 2126047,DAWN DISH SOAP (5GL PAIL),PAIL,$105.10 ,CHM
SAA 2132848,FORMULA 409 (GL),CASE,$53.00 ,CHM
SAA 2163491,409 GLASS & SURFACE CLEANER,CASE,$49.50 ,CHM
SAA 2173402,FORMULA 409 DEGREASER (9/QT),CASE,$80.00 ,CHM
SAA 2183068,5 LB. CLEAR ICE BAGS,CASE,$86.00 ,PAP
SAA 2191639,CLOROX CLEAN-UP (9 - 32oz/CS),CASE,$46.38 ,CHM
SAA 22025,"7.6""X450' ROLL TOWEL (NATURAL)",CASE,$54.75 ,PAP
SAA 2206299,CORONET 13X12 WH NAPKINS,CASE,$67.28 ,XXX
SAA 2216132,409 CLEANER DEGREASER,CASE,$71.39 ,CHM
SAA 2263242,DRUM ABSORBANT PAD (GRAY),CASE,$84.50 ,PAP
SAA 2520,CORMATIC TOILET TISSUE 2PLY/36,CASE,$104.86 ,PAP
SAA 25CFWDRUM,DRUM TOP PADS (WHITE) (25/CS),CASE,$76.14 ,MSC
SAA 290089,ROLL TOWEL,CASE,$69.45 ,PAP
SAA 2910P,CORMATIC ROLL TOWEL 651'(NATL),CASE,$84.00 ,PAP
SAA 31234,******USE SAA 410074*********,CASE,$44.70 ,PAP
SAA 32987,COMET CLEANSER (21 OZ.) 24/CS,CASE,$57.48 ,CHM
SAA 378HSM-J8000,SOLO 8 OZ HOT CUP W/HNDLE/1000,CASE,$101.40 ,PAP
SAA 39202,"7"" X 12"" 1 PLY NAPKIN",CASE,$59.35 ,PAP
SAA 400210,SPRING GROVE T.P. 2-PLY 96/CS,CASE,$44.70 ,PAP
SAA 409892,S.G. TALL-FOLD NAPKINS 1PLY WH,CASE,$48.18 ,PAP
SAA 410000,HEAVENLY SOFT T.P./2 PLY/96RLS,CASE,$58.10 ,PAP
SAA 410035,HEAVNLY SOFT JR ROLL T.P./12RL,CASE,$48.00 ,PAP
SAA 410039,JR ROLL TP (SMALL CORE),CASE,$55.00 ,PAP
SAA 410041,JR ROLL T.P. 2PLY 1125'(12/CS),CASE,$57.50 ,PAP
SAA 410042,"JR ROLL 9"" JUMBO TISSUE",,$57.50 ,
SAA 410043,"JR ROLL 9"" JUMBO TISSUE 12/CS",CASE,$0.00 ,PAP
SAA 410049,"HVNLY CHCE JRT 1000' 12RL 3""CR",CASE,$46.80 ,PAP
SAA 410062,HEAVENLY SOFT FACIAL TISSUE,CASE,$34.50 ,PAP
SAA 410074,CENTER PULL PAPER TOWEL,CASE,$45.70 ,PAP
SAA 410081,***USE 410074***,CASE,$38.75 ,PAP
SAA 410094,CONFIDENCE C -PULL TOWEL,CASE,$39.50 ,PAP
SAA 410095,"8""X350' ROLL TOWEL (NATL)12/CS",CASE,$34.40 ,PAP
SAA 410097,"8""x600' NATURAL ROLL TOWEL",CASE,$36.85 ,PAP
SAA 410101,"8""X800' ROLL TOWEL (NATL) 6/CS",CASE,$40.30 ,PAP
SAA 410127,"10"" ROLL TOWEL (1/PLY) (600')",CASE,$45.54 ,PAP
SAA 410132,KITCHEN PAPER TOWELS (30RL/CS),CASE,$36.60 ,PAP
SAA 410163,HS MULTI-FOLD NATURAL TOWEL,CASE,$28.30 ,PAP
SAA 410164,HVNLY SOFT M/FOLD TWL WH/4000,CASE,$33.30 ,PAP
SAA 410210,JR ROLL DISPENSER (SINGLE),EACH,$12.00 ,PAP
SAA 410212,"9"" TWIN JRT DISPENSER (SMOKE)",EACH,$0.00 ,PAP
SAA 410249,CENTER PULL TOWEL DISP.,EACH,$0.00 ,PAP
SAA 410304,JR ROLL TOILET TISSUE DISPNSER,EACH,$15.00 ,PAP
SAA 41230,"8""X350' ROLL TOWEL (NATL)12/CS",CASE,$33.80 ,PAP
SAA 41232,"8""X600' NATL. ROLL TOWEL",CASE,$56.50 ,PAP
SAA 41600,WYPALL WORKHORSE X70 JMBO-ROLL,CASE,$167.66 ,PAP
SAA 4212780,"6"" WHITE PAPER PLATE (1000/CS)",CASE,$20.10 ,PAP
SAA 422620,RELIABLE T.P. 1-PLY (96RLS/CS),CASE,$67.70 ,PAP
SAA 429644,"12"" SINGLE JRT DISP. (SMOKE)",EACH,$38.34 ,PAP
SAA 42F,4.5 OZ CONE CUP 5000/CS,CASE,$87.00 ,PAP
SAA 42R-2050,***DO NOT USE***,CASE,$87.00 ,PAP
SAA 430081,RELIABLE URINAL SCREENS (CHERR,DOZN,$24.00 ,CHM
SAA 4302,SINGLEFOLD TOWELS (WHITE),CASE,$38.50 ,PAP
SAA 440042,JR ROLL TP,,$0.00 ,
SAA 442768,S.G. ROLL TOWEL- 800' (NATL),CASE,$35.82 ,PAP
SAA 442774,SG M-FOLD TOWELS,CASE,$30.08 ,PAP
SAA 442777,S.G. KITCHEN TOWELS 30RL/CS,CASE,$34.34 ,PAP
SAA 442778,S.G. JR ROLL T.P. 750' 2PLY,CASE,$32.40 ,PAP
SAA 442782,S.G. FACIAL TISSUE 30BX/CS,CASE,$28.84 ,PAP
SAA 442784,S.G. TOILET TISS 2-PLY 96RL/CS,CASE,$64.32 ,PAP
SAA 444048,RELIABLE C-FOLD TOWLS (WH)2400,CASE,$32.70 ,PAP
SAA 444098,RELIABLE M-FOLD TWL (NATL)4000,CASE,$28.60 ,PAP
SAA 444242,RELIABLE JR ROLL TP 2PLY 2000',CASE,$52.30 ,PAP
SAA 45112,DAWN DISH SOAP (38oz BOTTLE)/8,CASE,$56.11 ,CHM
SAA 45800,800' ROLL TOWEL,CASE,$30.50 ,PAP
SAA 46200,350' ROLL TOWEL,CASE,$26.05 ,PAP
SAA 466512,10oz SOUP BOWL,CASE,$0.00 ,PAP
SAA 47000,RELIABLE S-FOLD TWL (NATL)4000,CASE,$29.60 ,PAP
SAA 5019948,ROAD RUNNER ICE MELT (50# PL),PAIL,$23.35 ,CHM
SAA 5029474,"""THANK YOU"" BAGS (1000/CS)",CASE,$30.50 ,PAP
SAA 5038445,INSULATED CUP LID,CASE,$53.85 ,MISC
SAA 5062331,SNOW PLOW ICE MELT (50# BAG),BAGS,$12.89 ,CHM
SAA 5087410,12 OZ. LIDS,CASE,$48.42 ,MISC
SAA 5098008,HAND SHRINK WRAP DISPENSER,EACH,$70.08 ,PAP
SAA 5132060,BOUFFANT CAP,CASE,$42.08 ,PAP
SAA 5143483,"10""X14"" FOIL WRAP",CASE,$0.00 ,PAP
SAA 5193746,EXPO WHITE BOARD CLEANER (GL),CASE,$142.25 ,CHM
SAA 5238566,FEBREZE,CASE,$62.00 ,PAP
SAA 5241,3M DOODLE-BUG HI-PRO PADS,BOX,$139.00 ,MISC
SAA 5274376,CLOROX ANYWHERE SPRAY (12/CS),CASE,$94.58 ,CHM
SAA 5299255,OXIVIR,CASE,$0.00 ,CHM
SAA 5304589,CLOROX WIPES,CASE,$42.30 ,CHM
SAA 5332242,KC FOAM SOAP,CASE,$72.50 ,CHM
SAA 5342CD,12 OZ. PERFEC TOUCH INSUL. CUP,CASE,$192.26 ,PAP
SAA 5369600,9-VOLT BATTERIES (72/CS),CASE,$107.10 ,MISC
SAA 5498454,CHARMIN ULTRA T.P. 2PLY 200SHT,CASE,$75.38 ,PAP
SAA 5528272,"5""X10' MARINE BOOM ABSORB SOCK",CASE,$125.00 ,MISC
SAA 5531440,DRUM TOP ABSORBANT PADS,CASE,$0.00 ,PAP
SAA 5533379,CONTINUOUS AIR FRESHNR (MANGO),CASE,$64.00 ,CHM
SAA 56T,DOUBLE JR ROLL TP DISPENSER,EACH,$25.62 ,PAP
SAA 57372501,"10"" ENMOTION ROLL TOWEL",CASE,$0.00 ,PAP
SAA 58PATH,5 OZ. WAX CUP (2400/CS),CASE,$97.70 ,PAP
SAA 59TR,DBL RLL T.P. DISP(SMOKE)-HORIZ,EACH,$26.50 ,PAP
SAA 5N25,5oz TRANSLUCENT CUP (2500/CS),CASE,$58.90 ,PAP
SAA 5T1-N0195,83 OZ. PAPER BUCKETS (WH),CASE,$138.00 ,PAP
SAA 6044682,CLOROX HYD PEROXIDE WIPES,CASE,$0.00 ,CHM
SAA 61230,***USE 410163***,CASE,$27.60 ,PAP
SAA 6168745,EASY OFF OVEN CLEANER,CASE,$74.00 ,CHM
SAA 6182457,CHARMIN T.P.,CASE,$0.00 ,PAP
SAA 6210057,PLASTIC SPOONS H.D. (WH) 1000,CASE,$36.20 ,PAP
SAA 6210065,PLASTIC FORKS H.D. (WH) 1000,CASE,$0.00 ,PAP
SAA 6210099,PLASTIC KNIVES H.D. (WH) 1000,CASE,$36.20 ,PAP
SAA 6214546,AA BATTERIES (144/CS),CASE,$66.30 ,MISC
SAA 6214556,"""D""  BATTERIES (72/CS)",CASE,$83.70 ,MISC
SAA 6215772,"""C"" BATTERIES (72/CASE)",CASE,$76.20 ,MISC
SAA 6246142,AAA BATTERIES (144/CS),CASE,$70.85 ,MISC
SAA 68970,DISPATCH DISINF SPRAY W/BLEACH,QTS,$11.25 ,CHM
SAA 6J6,6oz STYROFOAM CUPS (1000/CS),CASE,$26.10 ,PAP
SAA 6PWC,"DART 6"" FOAM PLATE (WHITE)1000",CASE,$32.11 ,PAP
SAA 6PWQ,"6"" WH DART FOAM PLATE 1000/CS",CASE,$44.22 ,PAP
SAA 6PWQR,"6"" PLATES",CASE,$38.30 ,PAP
SAA 73900,TERI WIPER DISPENSER - WH,EACH,$22.70 ,PAP
SAA 75004327,S.G. KITCHEN TOWELS,CASE,$27.00 ,PAP
SAA 7N25,7 OZ. TRANSLUCENT CUPS/2500,CASE,$77.18 ,PAP
SAA 80168,BOUNCE DRY SHEET 160BX 10BX/CS,CASE,$0.00 ,PAP
SAA 82027,MR. CLEAN MAGIC ERASERS(24/CS),CASE,$47.11 ,MSC
SAA 88275,BOUNTY TOWELS,CASE,$58.10 ,PAP
SAA 89460,GP ENMOTION WH TOWELS 1PLY 10,CASE,$124.36 ,PAP
SAA 8J8,8oz STYROFOAM CUPS (1000/CS),CASE,$27.00 ,PAP
SAA 8SJ20,8 OZ. SQUAT FOAM CONTAINER,CASE,$44.02 ,PAP
SAA 90218,METAL POLISH SCRUBS (18/CT),CASE,$125.00 ,CHM
SAA 90940,WINDEX (4/GALLON),CASE,$61.10 ,CHM
SAA 90HT3R,3-COMPARTMENT CONTAINER,CASE,$31.10 ,PAP
SAA 91000,CENTER PULL TOWEL DISP (SMOKE),EACH,$42.80 ,PAP
SAA 91590,K/C FOAM SANITIZER (1200ML),CASE,$80.20 ,CHM
SAA 91748,SUPER DUTY CLNR W/GRIT (2/CS),CASE,$178.44 ,CHM
SAA 93003,"9"" JRT DISPENSER (TRANS BLACK)",EACH,$12.00 ,PAP
SAA 93011,"9"" TWIN JRT DISPENSER (SMOKE)",EACH,$25.50 ,PAP
SAA 95HT3,TAKE HOME CONTAINER W/LID - WH,CASE,$29.86 ,XXX
SAA 9PWQR,"9"" PLATES",CASE,$36.30 ,PAP
SAA A10000945,SPOONS,CASE,$0.00 ,PAP
SAA A10000982,FORKS,CASE,$0.00 ,PAP
SAA C4180TBL,5 OZ CUP DISPENSER,EACH,$0.00 ,MSC
SAA C4210PRD,CUP DISP -PLSTC (4-10oz  CUPS),EACH,$25.90 ,MSC
SAA CH911,24X24 MASSLINN DUSTCLOTHS(100),CASE,$71.40 ,PAP
SAA CLO31036,CHLOROX URINE REMOVER,CASE,$64.10 ,CHM
SAA CSS-5,NOVEL VERTEX LIQUID BLEACH 6/C,GAL,$3.11 ,CHM
SAA D3052B,NAPKINS,CASE,$76.06 ,PAP
SAA DMR-7,SPRING GROVE 7 OZ WAX CUP/2500,CASE,$110.60 ,PAP
SAA DSJU50-250T,STRAWS,CASE,$64.95 ,PAP
SAA EI08012A,"12"" SHRINK WRAP",CASE,$53.00 ,PAP
SAA GD5FK-0019,PLASTIC FORKS (CHAMPAGNE) 1000,CASE,$52.57 ,PAP
SAA GD6KN-0019,PLASTIC KNIFES (CHAMPAGNE)1000,CASE,$52.57 ,PAP
SAA GD7TS-0019,PLASTIC SPOONS (CHAMPAGNE)1000,CASE,$52.57 ,PAP
SAA H8046HB,45 GALLON TRASH LINER,CASE,$34.45 ,BAG
SAA HWP9-2050,"9"" SOLO PAPER PLATES (WH/500)",CASE,$94.88 ,PAP
SAA HWX-1820,"18"" 80 GAUGE SHRINK WRAP 4/CS",CASE,$83.50 ,PAP
SAA K01005,"KC SCOTT ROLL TWL 8""X1000' WH",CASE,$74.20 ,PAP
SAA K01040,"8""X800' SCOTT ROLL TOWEL-WH",CASE,$130.78 ,PAP
SAA K01500,KC SURPASS CFOLD TOWEL 1PLY-WH,CASE,$50.20 ,PAP
SAA K01700,KC S/FOLD TOWEL - WH 4000/CS,CASE,$48.40 ,PAP
SAA K01804,SURPASS M-FOLD TOWELS WH/4000,CASE,$38.80 ,PAP
SAA K01890,MULTIFOLD TOWELS,CASE,$52.33 ,PAP
SAA K02000,"8""X950' SCOTT ROLL TOWEL WH(6)",CASE,$71.00 ,PAP
SAA K04007,KC T.P. CORELESS 2-PLY 36RL/CS,CASE,$66.60 ,PAP
SAA K04442,KC SLIM FOLD TOWEL-WH(2160/CS),CASE,$0.00 ,PAP
SAA K04460,KC SCOTT TP **DO NOT USE***,CASE,$60.20 ,PAP
SAA K05701,WYPALL L-40 WIPES (1/4 FOLD),CASE,$79.50 ,PAP
SAA K05790,WYPALL L-40 WIPES (POP-UP),CASE,$94.60 ,PAP
SAA K05800,WYPALL L30 WIPERS,CASE,$82.95 ,PAP
SAA K05843,WYPALL L-30 ALL PURPOSE WIPERS,CASE,$104.28 ,PAP
SAA K06411,KIMTECH ROLL WIPER WH 1PLY(KC),CASE,$114.96 ,PAP
SAA K07410,SCOTT PERSONAL TOILET SEAT CVR,CASE,$165.34 ,PAP
SAA K09021,K/C DBL. VERTICAL TP DISPENSER,EACH,$23.00 ,PAP
SAA K09506,TOILET SEAT COVER DISPENSER,EACH,$0.00 ,PAP
SAA K09507,JRT INSIGHT DISPENSER (SM/GY),EACH,$40.00 ,PAP
SAA K09551,JRT DOUBLE DISP INSIGHT(SM/GY),EACH,$35.00 ,PAP
SAA K09554,JRT SINGLE DISP INSIGHT(SM/GY),EACH,$29.00 ,PAP
SAA K09604,K/C DOUBLE TP DISPENSER(SMOKE),EACH,$16.00 ,PAP
SAA K09765,LEV-R-MATIC ROLL TWL DISP (SM),EACH,$33.30 ,PAP
SAA K09767,ROLL TWL DISP (LEVER) - SM/GY,EACH,$33.25 ,PAP
SAA K09768,ROLL TOWEL DISP (LEVER) -WHITE,EACH,$41.50 ,PAP
SAA K09905,M-FOLD TOWEL DISP-SMOKE PLASTC,EACH,$33.50 ,PAP
SAA K09989,CENTER PULL TWL DISP (SM/GRAY),EACH,$24.50 ,PAP
SAA K09990,HANDS FREE RLL TWL DIS (SM/GY),EACH,$40.00 ,PAP
SAA K09991,ROLL TOWEL DISP/PEARL-WHTE,EACH,$31.50 ,PAP
SAA K09992,SENSOR HANDSFREE DISPENSER,EACH,$36.00 ,PAP
SAA K09995,ROLL TOWEL DISP/PEARL-WHITE,EACH,$0.00 ,PAP
SAA K09996,HANDS FREE RL TWL DISP (SM/GY),EACH,$26.00 ,PAP
SAA K10441,HANDS FREE SLIM DISPENSER,EACH,$16.00 ,PAP
SAA K12388,KC SCOTT SLIM ROLL TOWEL,CASE,$55.00 ,PAP
SAA K13964,KLEENEX PERF. ROLL TOWEL (WH),CASE,$65.00 ,PAP
SAA K17713,COTTENELLE TOILET TISSUE,CASE,$55.80 ,PAP
SAA K21400,KLEENEX FACIAL TISSUE (36/CS),CASE,$57.00 ,PAP
SAA K34256,KIM WIPES 1 PLY LOW LINT WIPER,CASE,$131.50 ,PAP
SAA K34790,TERI X-60 WIPES (POP-UP),CASE,$92.90 ,PAP
SAA K35411,RAG ON A ROLL - BLUE TOWELS,CASE,$134.40 ,PAP
SAA K41100,WORKHORSE TWLS X70 FLAT WH/300,CASE,$59.50 ,PAP
SAA K41200,WORKHORSE X-70 1/4FOLD-WH/912,CASE,$102.40 ,PAP
SAA K41482,KC SCOTT KITCHEN ROLL TWL 1PLY,CASE,$60.46 ,PAP
SAA K48280,KLEENEX 2 PLY T.P./36-250's,CASE,$50.00 ,PAP
SAA K50606,"8""X600' ROLL TOWEL 1 PLY (WH)",CASE,$67.50 ,PAP
SAA K91552,KIMCARE FOAMING HAND SOAP,CASE,$0.00 ,CHM
SAA K91554,KC ANTIBACTERIAL FOAM SOAP,CASE,$0.00 ,CHM
SAA L3141,LUNCHEON NAPKINS 1/4 FLD 13X12,CASE,$58.80 ,PAP
SAA NL5201,P/F NITRILE GLOVES (LARGE),DISP,$0.00 ,PAP
SAA NLG400,EXAM P/F BLUE NITRILE GLOVE-LG,DISP,$10.50 ,MSC
SAA NMD400,EXAM P/F BLUE NITRILE GLOVE-MD,DISP,$10.50 ,MSC
SAA NMD5201,P/F NITRILE GLOVES (MEDIUM),DISP,$0.00 ,PAP
SAA NSM400,EXAM P/F BLUE NITRILE GLOVE-SM,DISP,$10.50 ,MSC
SAA NSM5201,P/F NITRILE GLOVES (SMALL),DISP,$0.00 ,MSC
SAA NXL400,EXAM P/F BLUE NITRILE GLOVE-XL,DISP,$10.50 ,MSC
SAA NXL5201,P/F NITRILE GLOVES (X-LARGE),DISP,$8.30 ,MSC
SAA PB-432,"12""X6""X24"" 1.2MIL CLR POLY BAG",CASE,$122.08 ,XXX
SAA R10NN-00055,10 OZ. WAX COLD CUPS (2000/CS),CASE,$153.68 ,PAP
SAA R7N-00055,7oz WAX CUP (2000/CS),CASE,$110.60 ,PAP
SAA RB600,"ROLL TOWEL 7.85""X600' 1PLY(WH)",CASE,$85.50 ,PAP
SAA SMR-6CB,6 OZ WAX CUPS,CASE,$0.00 ,PAP
SAA SX12PATH,12 OZ. PAPER BOWL (1000/CS),CASE,$0.00 ,PAP
SAA SX12SAGE,12 OZ. PAPER BOWLS (1000/CS),CASE,$127.50 ,PAP
UNG AL140,"56"" PRO-ALUMINUM HANDLE",EACH,$19.52 ,MSC
UNG BEBE0,BEEBEE BULB BASE REMOVER,EACH,$18.89 ,MSC
UNG BS010,STICKY FINGER BULB CHANGER,EACH,$21.40 ,MSC
UNG COBW0,"8"" COBWEB DUSTER BRUSH",EACH,$10.00 ,MSC
UNG ED600,20' 3-SECTION POLE,EACH,$97.84 ,MISC
UNG ED900,30' 3-SECTION EXTENSION POLE,EACH,$108.18 ,MSC
UNG EZ120,4' EXTENSION POLE/2 SECT,EACH,$32.50 ,MSC
UNG EZ250,8' EXTENSION POLE/2 SECT,EACH,$47.50 ,MSC
UNG EZ370,12' EXTENSION POLE/2 SECT,EACH,$59.70 ,MSC
UNG FS000,FLOOD LAMP SUCKER,EACH,$27.40 ,MSC
UNG HDSB0,"8"" HD SCRAPER BLADES (10/PKG)",TUBE,$31.20 ,MSC
UNG HDSS0,"8"" HEAVY DUTY SCRAPER",EACH,$67.90 ,MSC
UNG LH12C,"48"" LIGHT DUTY SCRAPER W/BLADE",EACH,$27.40 ,MSC
UNG LWDUO,STAR LAMNSWOOL DUSTER,EACH,$17.30 ,MSC
UNG MDSB0,"6"" REPLACEMENT BLADES (10)",PKG,$15.95 ,MSC
UNG MDSC0,"6"" MEDIUM DUTY SCRAPER (5')",EACH,$0.00 ,MSC
UNG MS350,"14"" MONSOON WASHER SLEEVE",EACH,$19.20 ,MSC
UNG MS450,"18"" MONSOON SLEEVE",EACH,$20.37 ,MSC
UNG MS550,"22""MONSOON STRIP WASHER SLEEVE",EACH,$20.85 ,MSC
UNG N1750,T-BAR,EACH,$22.68 ,MISC
UNG NCA00,NYLON CONE ADAPTOR,EACH,$6.40 ,MSC
UNG NCAN0,ERGO TEC LOCKING CONE (GREEN),EACH,$5.94 ,MSC
UNG NN900,"NIFTY NABBER/36"" HANDLE",EACH,$41.00 ,MSC
UNG PHH20,PAD HOLDER,EACH,$15.42 ,MISC
UNG PHP20,PAD,EACH,$6.18 ,MISC
UNG PINP0,PAPER PICKER PIN PLUG,EACH,$8.00 ,MSC
UNG PIPEO,PIPE BRUSH,EACH,$22.35 ,MSC
UNG PPPP0,"42"" PEOPLE PAPER PICKER PIN",EACH,$21.10 ,MSC
UNG PR250,"10"" SQUEEGEE BLADE AND HANDLE",EACH,$19.70 ,MSC
UNG PR350,"14"" SQUEEGEE BLADE AND HANDLE",EACH,$21.20 ,MSC
UNG PR450,"18"" SQUEEGEE BLADE AND HANDLE",EACH,$23.00 ,MSC
UNG QB070,PRO BUCKET CASTERS,SET,$39.80 ,MISC
UNG QB080,PRO BUCKET LID,EACH,$12.40 ,MSC
UNG QB220,PRO BUCKET/GREEN (6GL),EACH,$46.20 ,MSC
UNG RB10C,"4"" H.D. SCRAPER BLADES (10)",TUBE,$10.20 ,MSC
UNG RC350,"14"" RUF STRIP WASHER W/HANDLE",EACH,$26.10 ,MSC
UNG RC450,"18"" RUF STRIP WASHER W/HANDLE",EACH,$27.75 ,MSC
UNG RS350,"14"" RUF FACE WASHER SLEEVE",EACH,$18.00 ,MSC
UNG RS450,"18"" RUF FACE WASHER SLEEVE",EACH,$17.86 ,MSC
UNG RT920,"36"" REPLACEMENT RUBBER",EACH,$7.40 ,MSC
UNG SH00C,SHORT HANDLE H.D. SCRAPER,EACH,$17.93 ,MSC
UNG SH25C,"H.D. BRUTE SCRAPER/12"" HANDLE",EACH,$23.00 ,MSC
UNG SR500,SAFETY SCRAPER,EACH,$3.20 ,MSC
UNG SRB30,SINGLE EDGE BLADES 100/BX,BOX,$21.00 ,MSC
UNG SV350,"14"" SWIVEL STRIP T-BAR",EACH,$17.04 ,MSC
UNG TR100,"4"" REPLACEMENT BLADES 25/TUBE",TUBE,$14.70 ,MSC
UNG VP250,"10"" VISA VERSA COMPLETE",EACH,$41.70 ,MSC
UNG VP350,"14"" VISE VERSA COMPLETE",EACH,$46.80 ,MSC
UNG VP450,"18"" VISE VERSA COMPLETE",EACH,$43.96 ,MSC
UNG WALB0,"12""X5"" OVAL DUSTER",EACH,$25.71 ,MSC
UNG WS250,"10"" STRIP WASHER SLEEVE",EACH,$10.57 ,MSC
UNG WS350,"14"" STRIP WASHER SLEEVE",EACH,$13.17 ,MSC
UNI TGPF7L,TOP GRIP P/F NITRILE GL LG 7ML,DISP,$14.00 ,MSC
UNI TGPF7M,TOP GRIP P/F NITRLE GLV  MED 7,DISP,$14.00 ,MSC
UNI TGPF7S,TOP GRIP P/F NITRLE GLV  SM 7M,DISP,$14.00 ,MSC
UNI TGPF7XL,TOP GRIP P/F NITRIL GLV XL-7ML,DISP,$14.00 ,MSC
UNI WB44GR,WASTEMASTER CONTAINER (S.S.),EACH,$40.81 ,XXX
ZEP 09051,"5""X18"" DUST MOP FRAME",EACH,$6.05 ,MOP
ZEP 09053,"5""X24"" DUST MOP FRAME",EACH,$6.45 ,MOP
ZEP 09055,"5""X36"" DUST MOP FRAME",EACH,$8.60 ,MOP
ZEP 09057,"5""X48"" DUST MOP FRAME",EACH,$10.90 ,MOP
ZEP 10016,16OZ SHINEUP COTTON MOP HEAD,EACH,$5.05 ,MOP
ZEP 10024,24 OZ. COTTON WET MOP,EACH,$7.40 ,MOP
ZEP 10032,32 OZ. COTTON WET MOP,EACH,$9.89 ,MOP
ZEP 10620,20 OZ. RAYON WHITE WET MOP,EACH,$8.80 ,MOP
ZEP 10624,24 OZ. RAYON WET MOP,EACH,$9.75 ,MOP
ZEP 12530,"5""X12"" BLUE DUST MOP",EACH,$12.60 ,MOP
ZEP 12531,"5""X18"" BLUE DUST MOP",EACH,$15.15 ,MOP
ZEP 12532,"5""X24"" BLUE DUST MOP",EACH,$18.25 ,MOP
ZEP 12534,"5""X36"" BLUE DUST MOP",EACH,$22.40 ,MOP
ZEP 12535,"5""X48"" BLUE DUST MOP",EACH,$31.30 ,MOP
ZEP 12536,"5""X60"" BLUE DUST MOP",EACH,$41.65 ,MOP
ZEP 12537,"5""X72"" BLUE DUST MOP",EACH,$45.00 ,MOP
ZEP 12872,"16""X16"" M/FIBER CLOTHES (BLUE)",DOZN,$32.50 ,MSC
ZEP 12878,"16""X16"" M/FIBER CLOTHES (RED)",DOZN,$32.50 ,MSC
ZEP 12932,MICROFIBER CLOTH-MEDIUM (BLUE),CASE,$0.00 ,MSC
ZEP 12934,LARGE BLUE M/F RELINTLESS MOP,EACH,$12.00 ,MOP
ZEP 13118,"3""X18"" BLUE DUST MOP",EACH,$10.28 ,MOP
ZEP 13124,"3""X24"" DUST MOP",EACH,$13.87 ,MOP
ZEP 13136,"3""X36"" DUST MOP",EACH,$18.59 ,MOP
ZEP 18117,SPIRAL BOWL BRUSH,CASE,$24.00 ,MISC
ZEP 20516,16 OZ. RAYON MOP,EACH,$6.72 ,MOP
ZEP 20625,24 OZ. RAYON MOP (SCREW IN),EACH,$11.72 ,MOP
ZEP 20925,24oz SCREW MOPHEAD-BLUE,EACH,$10.35 ,MOP
ZEP 21006,HANDLE,EACH,$13.15 ,MOP
ZEP 21506,"60"" FIBERGLASS CLIP ON HANDLE",EACH,$20.10 ,MOP
ZEP 21516,"1""X60"" CLIP-ON DUST MOP HANDLE",EACH,$18.05 ,MOP
ZEP 22512,"5""X12"" DUST MOP FRAME",EACH,$5.85 ,MOP
ZEP 22548,"5""X48"" DUST MOP FRAME",EACH,$10.90 ,MOP
ZEP 22560,"5""X60"" DUST MOP FRAME",EACH,$14.70 ,MOP
ZEP 22572,"5""X72"" DUST MOP FRAME",EACH,$16.30 ,MOP
ZEP 24013,20oz. BLUE RAYON MOP,EACH,$9.75 ,MOP
ZEP 24114,24 OZ BLUE COTTON MOP,EACH,$0.00 ,MOP
ZEP 26214,BLUE WET MOP (X-LARGE),EACH,$12.60 ,MOP
ZEP 26311,SMALL BLUE WET MOP (N/B),EACH,$8.75 ,MOP
ZEP 26312,MEDIUM BLUE WET MOP (N/B),EACH,$11.45 ,MOP
ZEP 26313,LARGE BLUE WET MOP (N/B),EACH,$13.95 ,MOP
ZEP 27002,MEDIUM RAYON FINISH MOP (B/W),EACH,$13.65 ,MOP
ZEP 27302,MEDIUM RAYON FINISH MOP,EACH,$16.10 ,MOP
ZEP 28101,SHINE UP WET MOP (SMALL),CASE,$56.20 ,MOP
ZEP 28103,SHINE UP WET MOP (LARGE),CASE,$5.96 ,MOP
ZEP 28232,"LARGE WET MOP 5"" BAND(GREEN)",EACH,$9.00 ,MOP
ZEP 28311,"SMALL BLUE WET MOP (5"" BAND)",EACH,$9.65 ,MOP
ZEP 28312,"MEDIUM BLUE WET MOP (5"" BAND)",EACH,$12.85 ,MOP
ZEP 28313,"LARGE BLUE WET MOP (5"" BAND)",EACH,$15.35 ,MOP
ZEP 28331,"SMALL GREEN WET MOP (5""BAND)",EACH,$9.85 ,MOP
ZEP 28332,MEDIUM WET MOP (GREEN),EACH,$11.55 ,MOP
ZEP 34068,"13"" ANGLE BROOM (F/G & WOOD)",EACH,$12.00 ,MSC
ZEP 48319,"19"" CARPET BONNET(GREEN/WHITE)",EACH,$0.00 ,MOP
ZEP 50020,"20"" WINDOW WASHER",EACH,$9.30 ,MSC
ZSP 456-50,FORMULA 456-CONCRETE CLEANER,50#,$70.55 ,CHM
ZSP CW05,ULTRA CAR WASH & WAX,PAIL,$85.50 ,CHM
ZSP CW14,ULTRA CAR WASH & WAX,GAL,$18.50 ,CHM
ZSP CW55,ULTRA CAR WASH & WAX (55GL),DRUM,$768.08 ,CHM
ZSP DB50,CID DRY BLEACH (50#),PAIL,$60.00 ,CHM
ZSP DSCW14,DELUXE SUDS CAR WASH (GAL),GAL,$15.00 ,CHM
ZSP FS,FABRIC SOFTNER,GAL,$14.65 ,CHM
ZSP LD50,CID LAUNDRY DETERGENT (50#),PAIL,$49.00 ,CHM
ZSP OXB5,COSMO OXYGEN BLEACH (5GAL),PAIL,$122.25 ,CHM
ZSP PS05,PLUS II PRE-SOAK WASH SOAP,PAIL,$71.00 ,CHM
ZSP UFC-05,ULTRA FOAM CARWASH NO WAX (PL),PAIL,$69.50 ,CHM
ZSP UFC-14,ULTRA FOAM CARWASH NO WAX GL,GAL,$16.25 ,CHM
ZSP UFC-55,ULTRA FOAM CARWASH (NO WAX),DRUM,$0.00 ,CHM
ZSP ULT-14,ULTRA SUDS WASH,GAL,$18.50 ,CHM
ZSP ZAS-12,Z-ARMOR SHEILD,QTS,$7.54 ,CHM
ZSP ZAS-14,Z-ARMOR SHIELD,CASE,$0.00 ,CHM
